wtab_meta,wtab_item,target_class,our_meta,question_text,question_key,q_type,archetype_column,match_method,needs_review,note
ACTIVITIES,Play video games,question,ACTIVITIES,Approximately how often do you play video games?,b2d4845d220ce900b671446964037fae,4,,item_in_text,no,
ACTIVITIES,"Read comics, graphic novels, or manga",question,ACTIVITIES,"Approximately how often do you read comics, graphic novels, or manga?",e295a10e4c26ac2629350a1b87adff69,2,,item_in_text,no,
ACTIVITIES,Scroll through social media,question,ACTIVITIES,Approximately how often do you scroll through social media?,99d6f5866efd27c78eba27510a7fa57f,4,,item_in_text,no,
ACTIVITIES,See movies in a theater,question,ACTIVITIES,Approximately how often do you see movies in a theater?,4bf4e2db85fd374224b47bff4d6d3784,4,,item_in_text,no,
ACTIVITIES,Stream movies/series,question,ACTIVITIES,Approximately how often do you stream movies/series?,c0fd94345fc5d323f8dbcc8b6f76982e,4,,item_in_text,no,
ACTIVITIES,Watch sports on TV/streaming,question,ACTIVITIES,Approximately how often do you watch sports on TV/streaming?,448b1b2e97f0ea6233e248a4a6bb2a82,4,,item_in_text,no,
AGE,,archetype,,,,,age_band_banner,explicit,no,"persona attribute, not a question — validates the banner cut"
AUD1,,question,AUD1,Would you say this new movie is…?,c594a84150b621f49f1ae7278a69dea8,4,,sole_question,no,
AUD2,,question,AUD2,Who do you think would enjoy this new movie most? Please select all that apply.,4fcbe22bf091e813e6b86649f9d5029f,5,,sole_question,no,
AUD3,,question,AUD3,"After you have read the concept, does this feel like a movie that could appeal to people even if they know nothing about Fatal Fury?",80df380ee42bc66b20ca59470c53bced,4,,sole_question,no,
CHARDES,,question,CHARDES,"Based on the concept you just read, which words or phrases best describe the character of Terry Bogard? Please select all that apply.",8b6a970eef12663628aa201974c890ad,5,,sole_question,no,
DISLIKE,,open_end,DISLIKE,"You will now read the Concept. Based on the concept you just read, what is holding you back from “definitely” wanting to see this movie in a theater when it is produced?",81bf67de4ce2420d50d87a93350225a7,1,,sole_question,no,"our q_type 1 — excluded from the banner mart, Phase 4"
EDU,,archetype,,,,,archetype_education_level,explicit,no,"persona attribute, not a question — validates the banner cut"
ELEMENT1,Geese Howard as the villain,question,ELEMENT1,"Please select how each of the following elements affect your interest in seeing this film in a theater.

Geese Howard as the villain",d5c30f20397367cbaada267ca03c2c9a,4,,item_in_text,no,
ELEMENT1,How immersive the world seems,question,ELEMENT1,"Please select how each of the following elements affect your interest in seeing this film in a theater.

How immersive the world seems",023ee6db3659367b4334e92e45ca0278,4,,item_in_text,no,
ELEMENT1,Terry overcoming obstacles and setbacks,question,ELEMENT1,"Please select how each of the following elements affect your interest in seeing this film in a theater.

Terry overcoming obstacles and setbacks",874fbdcb4fc33469de02df04f230f995,4,,item_in_text,no,
ELEMENT1,Terry's emotional journey/character arc,question,ELEMENT1,"Please select how each of the following elements affect your interest in seeing this film in a theater.

Terry’s emotional journey/character arc",62d06e3777b9f0adb1e51d31b70d0635,4,,item_in_text,no,
ELEMENT1,The King of Fighters tournament,question,ELEMENT1,"Please select how each of the following elements affect your interest in seeing this film in a theater.

The King of Fighters tournament",18420bcb377e94719df5b80376674656,4,,item_in_text,no,
ELEMENT1,The Southtown setting,question,ELEMENT1,"Please select how each of the following elements affect your interest in seeing this film in a theater.

The Southtown setting",0cd819d8c92425f5f26e2baa9e3c4d74,4,,item_in_text,no,
ELEMENT1,The balance of serious and lighter moments,question,ELEMENT1,"After you have read the concept,  please select how each of the following elements affect your interest in seeing this film in a theater.

The balance of serious and lighter moments",17289a1850faca9304972bfcd2229550,4,,item_in_text,no,
ELEMENT1,The connection to the Fatal Fury/King of Fighters source material,question,ELEMENT1,"Please select how each of the following elements affect your interest in seeing this film in a theater.

The connection to the Fatal Fury/King of Fighters source material",eb25b76db49786a7803983c69213ff81,4,,item_in_text,no,
ELEMENT1,The fighting/action sequences,question,ELEMENT1,"After you have read the concept, please select how each of the following elements affect your interest in seeing this film in a theater.

The fighting/action sequences",b4f1b74ba6564fa1cb3c28d8421d8065,4,,item_in_text,no,
ELEMENT1,The high-stakes danger and intensity,question,ELEMENT1,"After you have read the concept,  please select how each of the following elements affect your interest in seeing this film in a theater.

The high-stakes danger and intensity",f143f792e6167e753f2e3268f125f09f,4,,item_in_text,no,
ELEMENT1,The martial arts elements,question,ELEMENT1,"After you have read the concept, please select how each of the following elements affect your interest in seeing this film in a theater.

The martial arts elements",5515b076ce548e45b72bd9da93ac103f,4,,item_in_text,no,
ELEMENT1,The potential for this to become a larger franchise/universe,question,ELEMENT1,"After you have read the concept, please select how each of the following elements affect your interest in seeing this film in a theater.

The potential for this to become a larger franchise/universe",87d6e66741da8035bf3cdb3a123e854f,4,,item_in_text,no,
ELEMENT1,The relationship between Terry and Andy,question,ELEMENT1,"Please select how each of the following elements affect your interest in seeing this film in a theater.

The relationship between Terry and Andy",54a59bcedb03e81fba8ddcc9e3905dbc,4,,item_in_text,no,
ELEMENT1,The supporting characters,question,ELEMENT1,"Please select how each of the following elements affect your interest in seeing this film in a theater.

The supporting characters",6d0908d6cbe586ba065962ebb2f851d7,4,,item_in_text,no,
ELEMENT1,"The themes of family, brotherhood, and loyalty",question,ELEMENT1,"After you have read the concept, , please select how each of the following elements affect your interest in seeing this film in a theater.

The themes of family, brotherhood, and loyalty",569554be9aa5b604382a090e305d17c5,4,,item_in_text,no,
ELEMENT2,,question,ELEMENT2,"Thinking about what would make you most interested in seeing this movie, which of the following statements best describe your feelings about the description you just read?
Please select all that apply.",3281c27b9a0e6da5769d2446173a8df4,5,,sole_question,no,
ETHNICITY,,archetype,,,,,race_banner,explicit,no,"persona attribute, not a question — validates the banner cut"
FRESHNSS,,question,FRESHNSS,"Based on the concept you just read, Which of the following best describes this idea?
[SINGLE SELECT]",11b5adedfc0022203c117a542263d789,5,,sole_question,no,
GENDER,,archetype,,,,,gender_clean,explicit,no,"persona attribute, not a question — validates the banner cut"
GENREFIT,,question,GENREFIT,"You will now read the Concept. Based on the concept you just read, which of the following best describe the type of movie this feels like? Please select up to three choices.
[MULTIPLE RESPONSE]",296ada435beb950b7b73f83b114ccb17,5,,sole_question,no,
GFAN1,Action,question,GFAN1,How do you feel about the Action genre of movies/TV series?,ee2e1db968d4d2ec6d28016e8f3f9bd7,4,,item_in_text,no,
GFAN1,Animé,question,GFAN1,How do you feel about the Anime genre of movies/TV series?,1a26cf0b15aced486da349a38b345ba8,4,,item_in_text,no,
GFAN1,Comedy,question,GFAN1,How do you feel about the Comedy genre of movies/TV series?,a199254a9338a4a5fecae9e719500ade,4,,item_in_text,no,
GFAN1,Horror,question,GFAN1,How do you feel about the Horror genre of movies/TV series?,9241c9965767ef392a08bb5161d56d9b,4,,item_in_text,no,
GFAN1,Martial Arts,question,GFAN1,How do you feel about the Martial Arts genre of movies/TV series?,e06b40d869f75c41eb212a857d4f4d61,4,,item_in_text,no,
GFAN1,Science Fiction,question,GFAN1,How do you feel about the Science Fiction genre of movies/TV series?,17864ab3e02187739904e806b92f559f,4,,item_in_text,no,
GFAN1,Superhero,question,GFAN1,How do you feel about the Superhero genre of movies/TV series?,704a30960e64c2d24d7d24e54934046d,4,,item_in_text,no,
GFAN1,Suspense/Thriller,question,GFAN1,How do you feel about the Suspense/Thriller genres of movies/TV series?,98bb53c4e33bdbeb2feb5a05d097a7b6,4,,item_in_text,no,
HIGHLIGHT-NEGTIVE,''Dad would've liked that ending better.'',open_end,HIGHLIGHT,"Now we’d like you to highlight the parts of the description that resonate most - or least - with you. Please focus on the parts of the story you like or would be especially interested to see as part of the movie, and write them down using <positive> </positive> tags. If there are any sections that you don't particularly like or would not look forward to seeing in the movie, write them down using <negative> </negative> tags.",d3b82d501c7929700a389e6fee8698f7,1,,sole_question,no,"our q_type 1 — excluded from the banner mart, Phase 4"
HIGHLIGHT-NEGTIVE,"''Fury is fatal.'' Terry climbs up, stunning both Geese and Andy.",open_end,HIGHLIGHT,"Now we’d like you to highlight the parts of the description that resonate most - or least - with you. Please focus on the parts of the story you like or would be especially interested to see as part of the movie, and write them down using <positive> </positive> tags. If there are any sections that you don't particularly like or would not look forward to seeing in the movie, write them down using <negative> </negative> tags.",d3b82d501c7929700a389e6fee8698f7,1,,sole_question,no,"our q_type 1 — excluded from the banner mart, Phase 4"
HIGHLIGHT-NEGTIVE,"A scuffle ensues, and the boys are taken to the police station.",open_end,HIGHLIGHT,"Now we’d like you to highlight the parts of the description that resonate most - or least - with you. Please focus on the parts of the story you like or would be especially interested to see as part of the movie, and write them down using <positive> </positive> tags. If there are any sections that you don't particularly like or would not look forward to seeing in the movie, write them down using <negative> </negative> tags.",d3b82d501c7929700a389e6fee8698f7,1,,sole_question,no,"our q_type 1 — excluded from the banner mart, Phase 4"
HIGHLIGHT-NEGTIVE,Andy and Terry are knocked unconscious.,open_end,HIGHLIGHT,"Now we’d like you to highlight the parts of the description that resonate most - or least - with you. Please focus on the parts of the story you like or would be especially interested to see as part of the movie, and write them down using <positive> </positive> tags. If there are any sections that you don't particularly like or would not look forward to seeing in the movie, write them down using <negative> </negative> tags.",d3b82d501c7929700a389e6fee8698f7,1,,sole_question,no,"our q_type 1 — excluded from the banner mart, Phase 4"
HIGHLIGHT-NEGTIVE,Andy and Terry move through the rounds in gritty early 2000’s MMA style fights.,open_end,HIGHLIGHT,"Now we’d like you to highlight the parts of the description that resonate most - or least - with you. Please focus on the parts of the story you like or would be especially interested to see as part of the movie, and write them down using <positive> </positive> tags. If there are any sections that you don't particularly like or would not look forward to seeing in the movie, write them down using <negative> </negative> tags.",d3b82d501c7929700a389e6fee8698f7,1,,sole_question,no,"our q_type 1 — excluded from the banner mart, Phase 4"
HIGHLIGHT-NEGTIVE,"Andy invites Terry to stay and rebuild South Town, but Terry, with Blue Mary waiting on a motorcycle, has more miles to ride.",open_end,HIGHLIGHT,"Now we’d like you to highlight the parts of the description that resonate most - or least - with you. Please focus on the parts of the story you like or would be especially interested to see as part of the movie, and write them down using <positive> </positive> tags. If there are any sections that you don't particularly like or would not look forward to seeing in the movie, write them down using <negative> </negative> tags.",d3b82d501c7929700a389e6fee8698f7,1,,sole_question,no,"our q_type 1 — excluded from the banner mart, Phase 4"
HIGHLIGHT-NEGTIVE,"Andy is forced into the ring for a wrenching brother-versus-brother fight, climaxing with Andy dropping Terry.",open_end,HIGHLIGHT,"Now we’d like you to highlight the parts of the description that resonate most - or least - with you. Please focus on the parts of the story you like or would be especially interested to see as part of the movie, and write them down using <positive> </positive> tags. If there are any sections that you don't particularly like or would not look forward to seeing in the movie, write them down using <negative> </negative> tags.",d3b82d501c7929700a389e6fee8698f7,1,,sole_question,no,"our q_type 1 — excluded from the banner mart, Phase 4"
HIGHLIGHT-NEGTIVE,"Andy is on the same mission as Terry, and he has earned a legitimate slot in Geese’s tournament.",open_end,HIGHLIGHT,"Now we’d like you to highlight the parts of the description that resonate most - or least - with you. Please focus on the parts of the story you like or would be especially interested to see as part of the movie, and write them down using <positive> </positive> tags. If there are any sections that you don't particularly like or would not look forward to seeing in the movie, write them down using <negative> </negative> tags.",d3b82d501c7929700a389e6fee8698f7,1,,sole_question,no,"our q_type 1 — excluded from the banner mart, Phase 4"
HIGHLIGHT-NEGTIVE,Andy notes the truth of it: Terry came home to kill Geese and ended it trying to save him.,open_end,HIGHLIGHT,"Now we’d like you to highlight the parts of the description that resonate most - or least - with you. Please focus on the parts of the story you like or would be especially interested to see as part of the movie, and write them down using <positive> </positive> tags. If there are any sections that you don't particularly like or would not look forward to seeing in the movie, write them down using <negative> </negative> tags.",d3b82d501c7929700a389e6fee8698f7,1,,sole_question,no,"our q_type 1 — excluded from the banner mart, Phase 4"
HIGHLIGHT-NEGTIVE,"Andy retires the gangster act and opens ''Bogard Martial Arts,'' with Mai at his side.",open_end,HIGHLIGHT,"Now we’d like you to highlight the parts of the description that resonate most - or least - with you. Please focus on the parts of the story you like or would be especially interested to see as part of the movie, and write them down using <positive> </positive> tags. If there are any sections that you don't particularly like or would not look forward to seeing in the movie, write them down using <negative> </negative> tags.",d3b82d501c7929700a389e6fee8698f7,1,,sole_question,no,"our q_type 1 — excluded from the banner mart, Phase 4"
HIGHLIGHT-NEGTIVE,"As Geese is about to execute Andy, we see Terry on the ledge, semi-conscious.",open_end,HIGHLIGHT,"Now we’d like you to highlight the parts of the description that resonate most - or least - with you. Please focus on the parts of the story you like or would be especially interested to see as part of the movie, and write them down using <positive> </positive> tags. If there are any sections that you don't particularly like or would not look forward to seeing in the movie, write them down using <negative> </negative> tags.",d3b82d501c7929700a389e6fee8698f7,1,,sole_question,no,"our q_type 1 — excluded from the banner mart, Phase 4"
HIGHLIGHT-NEGTIVE,"As Terry sits in the cop car, rival bounty hunters ram him off the pier.",open_end,HIGHLIGHT,"Now we’d like you to highlight the parts of the description that resonate most - or least - with you. Please focus on the parts of the story you like or would be especially interested to see as part of the movie, and write them down using <positive> </positive> tags. If there are any sections that you don't particularly like or would not look forward to seeing in the movie, write them down using <negative> </negative> tags.",d3b82d501c7929700a389e6fee8698f7,1,,sole_question,no,"our q_type 1 — excluded from the banner mart, Phase 4"
HIGHLIGHT-NEGTIVE,"As Terry swims to shore, an enraged Geese puts a ten-million-dollar bounty on Terry's head, weaponizing South Town’s gangs, syndicates, and corrupt cops in a violent manhunt.",open_end,HIGHLIGHT,"Now we’d like you to highlight the parts of the description that resonate most - or least - with you. Please focus on the parts of the story you like or would be especially interested to see as part of the movie, and write them down using <positive> </positive> tags. If there are any sections that you don't particularly like or would not look forward to seeing in the movie, write them down using <negative> </negative> tags.",d3b82d501c7929700a389e6fee8698f7,1,,sole_question,no,"our q_type 1 — excluded from the banner mart, Phase 4"
HIGHLIGHT-NEGTIVE,"As dawn breaks and the hundred-minute clock hits zero, Terry sees a vision of a wolf in the morning light.",open_end,HIGHLIGHT,"Now we’d like you to highlight the parts of the description that resonate most - or least - with you. Please focus on the parts of the story you like or would be especially interested to see as part of the movie, and write them down using <positive> </positive> tags. If there are any sections that you don't particularly like or would not look forward to seeing in the movie, write them down using <negative> </negative> tags.",d3b82d501c7929700a389e6fee8698f7,1,,sole_question,no,"our q_type 1 — excluded from the banner mart, Phase 4"
HIGHLIGHT-NEGTIVE,"As he makes his way to the tournament, he is guided through abandoned tunnels by hallucinations of his ten-year-old self, a wolf, and finally Jeff’s ghost, who tells him the hard...",open_end,HIGHLIGHT,"Now we’d like you to highlight the parts of the description that resonate most - or least - with you. Please focus on the parts of the story you like or would be especially interested to see as part of the movie, and write them down using <positive> </positive> tags. If there are any sections that you don't particularly like or would not look forward to seeing in the movie, write them down using <negative> </negative> tags.",d3b82d501c7929700a389e6fee8698f7,1,,sole_question,no,"our q_type 1 — excluded from the banner mart, Phase 4"
HIGHLIGHT-NEGTIVE,"As the mayor of South Town asks who called for this meeting, the handcuffed man smiles. He did.",open_end,HIGHLIGHT,"Now we’d like you to highlight the parts of the description that resonate most - or least - with you. Please focus on the parts of the story you like or would be especially interested to see as part of the movie, and write them down using <positive> </positive> tags. If there are any sections that you don't particularly like or would not look forward to seeing in the movie, write them down using <negative> </negative> tags.",d3b82d501c7929700a389e6fee8698f7,1,,sole_question,no,"our q_type 1 — excluded from the banner mart, Phase 4"
HIGHLIGHT-NEGTIVE,"At a surreptitious gathering of mob bosses and politicians alike, a young man is beaten half to death.",open_end,HIGHLIGHT,"Now we’d like you to highlight the parts of the description that resonate most - or least - with you. Please focus on the parts of the story you like or would be especially interested to see as part of the movie, and write them down using <positive> </positive> tags. If there are any sections that you don't particularly like or would not look forward to seeing in the movie, write them down using <negative> </negative> tags.",d3b82d501c7929700a389e6fee8698f7,1,,sole_question,no,"our q_type 1 — excluded from the banner mart, Phase 4"
HIGHLIGHT-NEGTIVE,"At the Pao Pao Café, bar owner and old mentor RICHARD MEYER discusses the upcoming King of Fighters tournament, a dark-web death-match streamed to gamblers worldwide.",open_end,HIGHLIGHT,"Now we’d like you to highlight the parts of the description that resonate most - or least - with you. Please focus on the parts of the story you like or would be especially interested to see as part of the movie, and write them down using <positive> </positive> tags. If there are any sections that you don't particularly like or would not look forward to seeing in the movie, write them down using <negative> </negative> tags.",d3b82d501c7929700a389e6fee8698f7,1,,sole_question,no,"our q_type 1 — excluded from the banner mart, Phase 4"
HIGHLIGHT-NEGTIVE,"Because Geese registered as a fighter and has entered the ring, he now must fight Terry, despite his previous medical exemption.",open_end,HIGHLIGHT,"Now we’d like you to highlight the parts of the description that resonate most - or least - with you. Please focus on the parts of the story you like or would be especially interested to see as part of the movie, and write them down using <positive> </positive> tags. If there are any sections that you don't particularly like or would not look forward to seeing in the movie, write them down using <negative> </negative> tags.",d3b82d501c7929700a389e6fee8698f7,1,,sole_question,no,"our q_type 1 — excluded from the banner mart, Phase 4"
HIGHLIGHT-NEGTIVE,"Both Andy and Terry try to intervene, but they are no match.",open_end,HIGHLIGHT,"Now we’d like you to highlight the parts of the description that resonate most - or least - with you. Please focus on the parts of the story you like or would be especially interested to see as part of the movie, and write them down using <positive> </positive> tags. If there are any sections that you don't particularly like or would not look forward to seeing in the movie, write them down using <negative> </negative> tags.",d3b82d501c7929700a389e6fee8698f7,1,,sole_question,no,"our q_type 1 — excluded from the banner mart, Phase 4"
HIGHLIGHT-NEGTIVE,"But deep down, Terry knows he can't stay.",open_end,HIGHLIGHT,"Now we’d like you to highlight the parts of the description that resonate most - or least - with you. Please focus on the parts of the story you like or would be especially interested to see as part of the movie, and write them down using <positive> </positive> tags. If there are any sections that you don't particularly like or would not look forward to seeing in the movie, write them down using <negative> </negative> tags.",d3b82d501c7929700a389e6fee8698f7,1,,sole_question,no,"our q_type 1 — excluded from the banner mart, Phase 4"
HIGHLIGHT-NEGTIVE,"Dangling from the tower, our villain, broken and almost amused, chooses death.",open_end,HIGHLIGHT,"Now we’d like you to highlight the parts of the description that resonate most - or least - with you. Please focus on the parts of the story you like or would be especially interested to see as part of the movie, and write them down using <positive> </positive> tags. If there are any sections that you don't particularly like or would not look forward to seeing in the movie, write them down using <negative> </negative> tags.",d3b82d501c7929700a389e6fee8698f7,1,,sole_question,no,"our q_type 1 — excluded from the banner mart, Phase 4"
HIGHLIGHT-NEGTIVE,"Elsewhere in South Town, two young orphaned brothers TERRY (9) and ANDY (8) sleep in an abandoned building.",open_end,HIGHLIGHT,"Now we’d like you to highlight the parts of the description that resonate most - or least - with you. Please focus on the parts of the story you like or would be especially interested to see as part of the movie, and write them down using <positive> </positive> tags. If there are any sections that you don't particularly like or would not look forward to seeing in the movie, write them down using <negative> </negative> tags.",d3b82d501c7929700a389e6fee8698f7,1,,sole_question,no,"our q_type 1 — excluded from the banner mart, Phase 4"
HIGHLIGHT-NEGTIVE,"Enter Geese Howard, a former rival of Jeff’s who has been hunting him for years.",open_end,HIGHLIGHT,"Now we’d like you to highlight the parts of the description that resonate most - or least - with you. Please focus on the parts of the story you like or would be especially interested to see as part of the movie, and write them down using <positive> </positive> tags. If there are any sections that you don't particularly like or would not look forward to seeing in the movie, write them down using <negative> </negative> tags.",d3b82d501c7929700a389e6fee8698f7,1,,sole_question,no,"our q_type 1 — excluded from the banner mart, Phase 4"
HIGHLIGHT-NEGTIVE,"Geese catches the edge and Terry, refusing to succumb to the cycle, reaches out with his wounded arm to save him.",open_end,HIGHLIGHT,"Now we’d like you to highlight the parts of the description that resonate most - or least - with you. Please focus on the parts of the story you like or would be especially interested to see as part of the movie, and write them down using <positive> </positive> tags. If there are any sections that you don't particularly like or would not look forward to seeing in the movie, write them down using <negative> </negative> tags.",d3b82d501c7929700a389e6fee8698f7,1,,sole_question,no,"our q_type 1 — excluded from the banner mart, Phase 4"
HIGHLIGHT-NEGTIVE,"Geese gets the upper hand on both brothers and knocks Terry off the edge, seemingly to his death.",open_end,HIGHLIGHT,"Now we’d like you to highlight the parts of the description that resonate most - or least - with you. Please focus on the parts of the story you like or would be especially interested to see as part of the movie, and write them down using <positive> </positive> tags. If there are any sections that you don't particularly like or would not look forward to seeing in the movie, write them down using <negative> </negative> tags.",d3b82d501c7929700a389e6fee8698f7,1,,sole_question,no,"our q_type 1 — excluded from the banner mart, Phase 4"
HIGHLIGHT-NEGTIVE,Geese himself is coming out of retirement to face the night's winner.,open_end,HIGHLIGHT,"Now we’d like you to highlight the parts of the description that resonate most - or least - with you. Please focus on the parts of the story you like or would be especially interested to see as part of the movie, and write them down using <positive> </positive> tags. If there are any sections that you don't particularly like or would not look forward to seeing in the movie, write them down using <negative> </negative> tags.",d3b82d501c7929700a389e6fee8698f7,1,,sole_question,no,"our q_type 1 — excluded from the banner mart, Phase 4"
HIGHLIGHT-NEGTIVE,Geese kills Jeff and sets the dojo aflame.,open_end,HIGHLIGHT,"Now we’d like you to highlight the parts of the description that resonate most - or least - with you. Please focus on the parts of the story you like or would be especially interested to see as part of the movie, and write them down using <positive> </positive> tags. If there are any sections that you don't particularly like or would not look forward to seeing in the movie, write them down using <negative> </negative> tags.",d3b82d501c7929700a389e6fee8698f7,1,,sole_question,no,"our q_type 1 — excluded from the banner mart, Phase 4"
HIGHLIGHT-NEGTIVE,Geese realizes these are the Bogards and is furious that his main event has been ruined.,open_end,HIGHLIGHT,"Now we’d like you to highlight the parts of the description that resonate most - or least - with you. Please focus on the parts of the story you like or would be especially interested to see as part of the movie, and write them down using <positive> </positive> tags. If there are any sections that you don't particularly like or would not look forward to seeing in the movie, write them down using <negative> </negative> tags.",d3b82d501c7929700a389e6fee8698f7,1,,sole_question,no,"our q_type 1 — excluded from the banner mart, Phase 4"
HIGHLIGHT-NEGTIVE,"Geese refuses to be saved, digging into Terry’s wound and tearing himself free.",open_end,HIGHLIGHT,"Now we’d like you to highlight the parts of the description that resonate most - or least - with you. Please focus on the parts of the story you like or would be especially interested to see as part of the movie, and write them down using <positive> </positive> tags. If there are any sections that you don't particularly like or would not look forward to seeing in the movie, write them down using <negative> </negative> tags.",d3b82d501c7929700a389e6fee8698f7,1,,sole_question,no,"our q_type 1 — excluded from the banner mart, Phase 4"
HIGHLIGHT-NEGTIVE,"Geese reveals he killed Jeff because Jeff was organizing the dockworkers, threatening his shipping business, but Terry sees the truth beneath it: simple envy of the better man.",open_end,HIGHLIGHT,"Now we’d like you to highlight the parts of the description that resonate most - or least - with you. Please focus on the parts of the story you like or would be especially interested to see as part of the movie, and write them down using <positive> </positive> tags. If there are any sections that you don't particularly like or would not look forward to seeing in the movie, write them down using <negative> </negative> tags.",d3b82d501c7929700a389e6fee8698f7,1,,sole_question,no,"our q_type 1 — excluded from the banner mart, Phase 4"
HIGHLIGHT-NEGTIVE,"Geese steps into the ring to gloat, and Terry sits up - alive! He reveals that Blue Mary, a former Fraud Unit investigator, hacked his biochip to help fake his death.",open_end,HIGHLIGHT,"Now we’d like you to highlight the parts of the description that resonate most - or least - with you. Please focus on the parts of the story you like or would be especially interested to see as part of the movie, and write them down using <positive> </positive> tags. If there are any sections that you don't particularly like or would not look forward to seeing in the movie, write them down using <negative> </negative> tags.",d3b82d501c7929700a389e6fee8698f7,1,,sole_question,no,"our q_type 1 — excluded from the banner mart, Phase 4"
HIGHLIGHT-NEGTIVE,"Geese watches on, suspicious of both of these mysterious, skilled combatants.",open_end,HIGHLIGHT,"Now we’d like you to highlight the parts of the description that resonate most - or least - with you. Please focus on the parts of the story you like or would be especially interested to see as part of the movie, and write them down using <positive> </positive> tags. If there are any sections that you don't particularly like or would not look forward to seeing in the movie, write them down using <negative> </negative> tags.",d3b82d501c7929700a389e6fee8698f7,1,,sole_question,no,"our q_type 1 — excluded from the banner mart, Phase 4"
HIGHLIGHT-NEGTIVE,He also learns discipline and patience.,open_end,HIGHLIGHT,"Now we’d like you to highlight the parts of the description that resonate most - or least - with you. Please focus on the parts of the story you like or would be especially interested to see as part of the movie, and write them down using <positive> </positive> tags. If there are any sections that you don't particularly like or would not look forward to seeing in the movie, write them down using <negative> </negative> tags.",d3b82d501c7929700a389e6fee8698f7,1,,sole_question,no,"our q_type 1 — excluded from the banner mart, Phase 4"
HIGHLIGHT-NEGTIVE,He announces his return by methodically beating five bikers sent to greet him and then starts a one hundred-minute countdown on his watch.,open_end,HIGHLIGHT,"Now we’d like you to highlight the parts of the description that resonate most - or least - with you. Please focus on the parts of the story you like or would be especially interested to see as part of the movie, and write them down using <positive> </positive> tags. If there are any sections that you don't particularly like or would not look forward to seeing in the movie, write them down using <negative> </negative> tags.",d3b82d501c7929700a389e6fee8698f7,1,,sole_question,no,"our q_type 1 — excluded from the banner mart, Phase 4"
HIGHLIGHT-NEGTIVE,He bests Geese.,open_end,HIGHLIGHT,"Now we’d like you to highlight the parts of the description that resonate most - or least - with you. Please focus on the parts of the story you like or would be especially interested to see as part of the movie, and write them down using <positive> </positive> tags. If there are any sections that you don't particularly like or would not look forward to seeing in the movie, write them down using <negative> </negative> tags.",d3b82d501c7929700a389e6fee8698f7,1,,sole_question,no,"our q_type 1 — excluded from the banner mart, Phase 4"
HIGHLIGHT-NEGTIVE,"He easily dispatches them, but fails to notice Mai’s own martial arts skills.",open_end,HIGHLIGHT,"Now we’d like you to highlight the parts of the description that resonate most - or least - with you. Please focus on the parts of the story you like or would be especially interested to see as part of the movie, and write them down using <positive> </positive> tags. If there are any sections that you don't particularly like or would not look forward to seeing in the movie, write them down using <negative> </negative> tags.",d3b82d501c7929700a389e6fee8698f7,1,,sole_question,no,"our q_type 1 — excluded from the banner mart, Phase 4"
HIGHLIGHT-NEGTIVE,He falls into darkness.,open_end,HIGHLIGHT,"Now we’d like you to highlight the parts of the description that resonate most - or least - with you. Please focus on the parts of the story you like or would be especially interested to see as part of the movie, and write them down using <positive> </positive> tags. If there are any sections that you don't particularly like or would not look forward to seeing in the movie, write them down using <negative> </negative> tags.",d3b82d501c7929700a389e6fee8698f7,1,,sole_question,no,"our q_type 1 — excluded from the banner mart, Phase 4"
HIGHLIGHT-NEGTIVE,"He hears all his mentors’ voices at once - every fighting master and, most importantly, Jeff’s voice, too - and it lands: stop fighting in anger.",open_end,HIGHLIGHT,"Now we’d like you to highlight the parts of the description that resonate most - or least - with you. Please focus on the parts of the story you like or would be especially interested to see as part of the movie, and write them down using <positive> </positive> tags. If there are any sections that you don't particularly like or would not look forward to seeing in the movie, write them down using <negative> </negative> tags.",d3b82d501c7929700a389e6fee8698f7,1,,sole_question,no,"our q_type 1 — excluded from the banner mart, Phase 4"
HIGHLIGHT-NEGTIVE,"He never could, he's the hungry wolf, the one who keeps running.",open_end,HIGHLIGHT,"Now we’d like you to highlight the parts of the description that resonate most - or least - with you. Please focus on the parts of the story you like or would be especially interested to see as part of the movie, and write them down using <positive> </positive> tags. If there are any sections that you don't particularly like or would not look forward to seeing in the movie, write them down using <negative> </negative> tags.",d3b82d501c7929700a389e6fee8698f7,1,,sole_question,no,"our q_type 1 — excluded from the banner mart, Phase 4"
HIGHLIGHT-NEGTIVE,He orders the brothers to be taken to Geese Tower.,open_end,HIGHLIGHT,"Now we’d like you to highlight the parts of the description that resonate most - or least - with you. Please focus on the parts of the story you like or would be especially interested to see as part of the movie, and write them down using <positive> </positive> tags. If there are any sections that you don't particularly like or would not look forward to seeing in the movie, write them down using <negative> </negative> tags.",d3b82d501c7929700a389e6fee8698f7,1,,sole_question,no,"our q_type 1 — excluded from the banner mart, Phase 4"
HIGHLIGHT-NEGTIVE,"He picks up Jeff's ''King of Fighters'' cap and runs, vowing to return to kill Geese.",open_end,HIGHLIGHT,"Now we’d like you to highlight the parts of the description that resonate most - or least - with you. Please focus on the parts of the story you like or would be especially interested to see as part of the movie, and write them down using <positive> </positive> tags. If there are any sections that you don't particularly like or would not look forward to seeing in the movie, write them down using <negative> </negative> tags.",d3b82d501c7929700a389e6fee8698f7,1,,sole_question,no,"our q_type 1 — excluded from the banner mart, Phase 4"
HIGHLIGHT-NEGTIVE,"He prepares himself for Geese, but is shocked when Andy steps out.",open_end,HIGHLIGHT,"Now we’d like you to highlight the parts of the description that resonate most - or least - with you. Please focus on the parts of the story you like or would be especially interested to see as part of the movie, and write them down using <positive> </positive> tags. If there are any sections that you don't particularly like or would not look forward to seeing in the movie, write them down using <negative> </negative> tags.",d3b82d501c7929700a389e6fee8698f7,1,,sole_question,no,"our q_type 1 — excluded from the banner mart, Phase 4"
HIGHLIGHT-NEGTIVE,"He reveals that his real name is ''Bogard,'' but that must remain a secret.",open_end,HIGHLIGHT,"Now we’d like you to highlight the parts of the description that resonate most - or least - with you. Please focus on the parts of the story you like or would be especially interested to see as part of the movie, and write them down using <positive> </positive> tags. If there are any sections that you don't particularly like or would not look forward to seeing in the movie, write them down using <negative> </negative> tags.",d3b82d501c7929700a389e6fee8698f7,1,,sole_question,no,"our q_type 1 — excluded from the banner mart, Phase 4"
HIGHLIGHT-NEGTIVE,He then dives off of the helicopter into the water below.,open_end,HIGHLIGHT,"Now we’d like you to highlight the parts of the description that resonate most - or least - with you. Please focus on the parts of the story you like or would be especially interested to see as part of the movie, and write them down using <positive> </positive> tags. If there are any sections that you don't particularly like or would not look forward to seeing in the movie, write them down using <negative> </negative> tags.",d3b82d501c7929700a389e6fee8698f7,1,,sole_question,no,"our q_type 1 — excluded from the banner mart, Phase 4"
HIGHLIGHT-NEGTIVE,He used his criminal enterprises to lower prices and then purchase up real estate at a huge discount.,open_end,HIGHLIGHT,"Now we’d like you to highlight the parts of the description that resonate most - or least - with you. Please focus on the parts of the story you like or would be especially interested to see as part of the movie, and write them down using <positive> </positive> tags. If there are any sections that you don't particularly like or would not look forward to seeing in the movie, write them down using <negative> </negative> tags.",d3b82d501c7929700a389e6fee8698f7,1,,sole_question,no,"our q_type 1 — excluded from the banner mart, Phase 4"
HIGHLIGHT-NEGTIVE,He walks into the dojo and challenges Jeff to single combat.,open_end,HIGHLIGHT,"Now we’d like you to highlight the parts of the description that resonate most - or least - with you. Please focus on the parts of the story you like or would be especially interested to see as part of the movie, and write them down using <positive> </positive> tags. If there are any sections that you don't particularly like or would not look forward to seeing in the movie, write them down using <negative> </negative> tags.",d3b82d501c7929700a389e6fee8698f7,1,,sole_question,no,"our q_type 1 — excluded from the banner mart, Phase 4"
HIGHLIGHT-NEGTIVE,"He warns Terry not to pursue Geese, and as Terry is about to leave, Meyer gifts him his dad’s old trucker cap.",open_end,HIGHLIGHT,"Now we’d like you to highlight the parts of the description that resonate most - or least - with you. Please focus on the parts of the story you like or would be especially interested to see as part of the movie, and write them down using <positive> </positive> tags. If there are any sections that you don't particularly like or would not look forward to seeing in the movie, write them down using <negative> </negative> tags.",d3b82d501c7929700a389e6fee8698f7,1,,sole_question,no,"our q_type 1 — excluded from the banner mart, Phase 4"
HIGHLIGHT-NEGTIVE,"He wrenches free of Terry's grip and falls into the darkness below, while Andy grabs his brother's legs to save him from going over with him.",open_end,HIGHLIGHT,"Now we’d like you to highlight the parts of the description that resonate most - or least - with you. Please focus on the parts of the story you like or would be especially interested to see as part of the movie, and write them down using <positive> </positive> tags. If there are any sections that you don't particularly like or would not look forward to seeing in the movie, write them down using <negative> </negative> tags.",d3b82d501c7929700a389e6fee8698f7,1,,sole_question,no,"our q_type 1 — excluded from the banner mart, Phase 4"
HIGHLIGHT-NEGTIVE,"He’s distraught, certain his brother died in the fire.",open_end,HIGHLIGHT,"Now we’d like you to highlight the parts of the description that resonate most - or least - with you. Please focus on the parts of the story you like or would be especially interested to see as part of the movie, and write them down using <positive> </positive> tags. If there are any sections that you don't particularly like or would not look forward to seeing in the movie, write them down using <negative> </negative> tags.",d3b82d501c7929700a389e6fee8698f7,1,,sole_question,no,"our q_type 1 — excluded from the banner mart, Phase 4"
HIGHLIGHT-NEGTIVE,"His brother survived the fire! Andy reinvented himself as ''Andy Luciano,'' an enforcer for Geese who is also fighting in the King of Fighters tournament, all in a ploy to get...",open_end,HIGHLIGHT,"Now we’d like you to highlight the parts of the description that resonate most - or least - with you. Please focus on the parts of the story you like or would be especially interested to see as part of the movie, and write them down using <positive> </positive> tags. If there are any sections that you don't particularly like or would not look forward to seeing in the movie, write them down using <negative> </negative> tags.",d3b82d501c7929700a389e6fee8698f7,1,,sole_question,no,"our q_type 1 — excluded from the banner mart, Phase 4"
HIGHLIGHT-NEGTIVE,"His mission is to end GEESE HOWARD, the kingpin who murdered his adopted father, JEFF, in front of him when Terry was ten.",open_end,HIGHLIGHT,"Now we’d like you to highlight the parts of the description that resonate most - or least - with you. Please focus on the parts of the story you like or would be especially interested to see as part of the movie, and write them down using <positive> </positive> tags. If there are any sections that you don't particularly like or would not look forward to seeing in the movie, write them down using <negative> </negative> tags.",d3b82d501c7929700a389e6fee8698f7,1,,sole_question,no,"our q_type 1 — excluded from the banner mart, Phase 4"
HIGHLIGHT-NEGTIVE,"However, during the prematch physical, Geese is diagnosed with a heart condition and bows out of the fight, only to name Andy as his second.",open_end,HIGHLIGHT,"Now we’d like you to highlight the parts of the description that resonate most - or least - with you. Please focus on the parts of the story you like or would be especially interested to see as part of the movie, and write them down using <positive> </positive> tags. If there are any sections that you don't particularly like or would not look forward to seeing in the movie, write them down using <negative> </negative> tags.",d3b82d501c7929700a389e6fee8698f7,1,,sole_question,no,"our q_type 1 — excluded from the banner mart, Phase 4"
HIGHLIGHT-NEGTIVE,"In order to pick them up, Jeff had to use his real name.",open_end,HIGHLIGHT,"Now we’d like you to highlight the parts of the description that resonate most - or least - with you. Please focus on the parts of the story you like or would be especially interested to see as part of the movie, and write them down using <positive> </positive> tags. If there are any sections that you don't particularly like or would not look forward to seeing in the movie, write them down using <negative> </negative> tags.",d3b82d501c7929700a389e6fee8698f7,1,,sole_question,no,"our q_type 1 — excluded from the banner mart, Phase 4"
HIGHLIGHT-NEGTIVE,"In the locker room, an exhausted Andy agrees to name Terry his second, and Tung Fu Rue (Geese's own former master) and Blue Mary join Terry in his corner.",open_end,HIGHLIGHT,"Now we’d like you to highlight the parts of the description that resonate most - or least - with you. Please focus on the parts of the story you like or would be especially interested to see as part of the movie, and write them down using <positive> </positive> tags. If there are any sections that you don't particularly like or would not look forward to seeing in the movie, write them down using <negative> </negative> tags.",d3b82d501c7929700a389e6fee8698f7,1,,sole_question,no,"our q_type 1 — excluded from the banner mart, Phase 4"
HIGHLIGHT-NEGTIVE,"In the neon-and-diesel sprawl of South Town, drifter TERRY BOGARD steps off an evening bus on the twentieth anniversary of his father's death.",open_end,HIGHLIGHT,"Now we’d like you to highlight the parts of the description that resonate most - or least - with you. Please focus on the parts of the story you like or would be especially interested to see as part of the movie, and write them down using <positive> </positive> tags. If there are any sections that you don't particularly like or would not look forward to seeing in the movie, write them down using <negative> </negative> tags.",d3b82d501c7929700a389e6fee8698f7,1,,sole_question,no,"our q_type 1 — excluded from the banner mart, Phase 4"
HIGHLIGHT-NEGTIVE,"In the tower, BILLY KANE, Geese’s main henchman, shows off a captured Mai.",open_end,HIGHLIGHT,"Now we’d like you to highlight the parts of the description that resonate most - or least - with you. Please focus on the parts of the story you like or would be especially interested to see as part of the movie, and write them down using <positive> </positive> tags. If there are any sections that you don't particularly like or would not look forward to seeing in the movie, write them down using <negative> </negative> tags.",d3b82d501c7929700a389e6fee8698f7,1,,sole_question,no,"our q_type 1 — excluded from the banner mart, Phase 4"
HIGHLIGHT-NEGTIVE,It all converges at the top of the tower.,open_end,HIGHLIGHT,"Now we’d like you to highlight the parts of the description that resonate most - or least - with you. Please focus on the parts of the story you like or would be especially interested to see as part of the movie, and write them down using <positive> </positive> tags. If there are any sections that you don't particularly like or would not look forward to seeing in the movie, write them down using <negative> </negative> tags.",d3b82d501c7929700a389e6fee8698f7,1,,sole_question,no,"our q_type 1 — excluded from the banner mart, Phase 4"
HIGHLIGHT-NEGTIVE,Jeff informs them that they need to pack their bags and leave South Town.,open_end,HIGHLIGHT,"Now we’d like you to highlight the parts of the description that resonate most - or least - with you. Please focus on the parts of the story you like or would be especially interested to see as part of the movie, and write them down using <positive> </positive> tags. If there are any sections that you don't particularly like or would not look forward to seeing in the movie, write them down using <negative> </negative> tags.",d3b82d501c7929700a389e6fee8698f7,1,,sole_question,no,"our q_type 1 — excluded from the banner mart, Phase 4"
HIGHLIGHT-NEGTIVE,"Jeff is highly skilled, but cannot withstand Geese’s speed or strength.",open_end,HIGHLIGHT,"Now we’d like you to highlight the parts of the description that resonate most - or least - with you. Please focus on the parts of the story you like or would be especially interested to see as part of the movie, and write them down using <positive> </positive> tags. If there are any sections that you don't particularly like or would not look forward to seeing in the movie, write them down using <negative> </negative> tags.",d3b82d501c7929700a389e6fee8698f7,1,,sole_question,no,"our q_type 1 — excluded from the banner mart, Phase 4"
HIGHLIGHT-NEGTIVE,"Jeff suspects that the children are orphans and allows them to stay, as long as they go to school and train.",open_end,HIGHLIGHT,"Now we’d like you to highlight the parts of the description that resonate most - or least - with you. Please focus on the parts of the story you like or would be especially interested to see as part of the movie, and write them down using <positive> </positive> tags. If there are any sections that you don't particularly like or would not look forward to seeing in the movie, write them down using <negative> </negative> tags.",d3b82d501c7929700a389e6fee8698f7,1,,sole_question,no,"our q_type 1 — excluded from the banner mart, Phase 4"
HIGHLIGHT-NEGTIVE,"Later, the two brothers hang their halves of the domino at Jeff's grave.",open_end,HIGHLIGHT,"Now we’d like you to highlight the parts of the description that resonate most - or least - with you. Please focus on the parts of the story you like or would be especially interested to see as part of the movie, and write them down using <positive> </positive> tags. If there are any sections that you don't particularly like or would not look forward to seeing in the movie, write them down using <negative> </negative> tags.",d3b82d501c7929700a389e6fee8698f7,1,,sole_question,no,"our q_type 1 — excluded from the banner mart, Phase 4"
HIGHLIGHT-NEGTIVE,"Later, they seek shelter from the rain in an empty karate dojo.",open_end,HIGHLIGHT,"Now we’d like you to highlight the parts of the description that resonate most - or least - with you. Please focus on the parts of the story you like or would be especially interested to see as part of the movie, and write them down using <positive> </positive> tags. If there are any sections that you don't particularly like or would not look forward to seeing in the movie, write them down using <negative> </negative> tags.",d3b82d501c7929700a389e6fee8698f7,1,,sole_question,no,"our q_type 1 — excluded from the banner mart, Phase 4"
HIGHLIGHT-NEGTIVE,Mai handles Billy as the brothers move on Geese.,open_end,HIGHLIGHT,"Now we’d like you to highlight the parts of the description that resonate most - or least - with you. Please focus on the parts of the story you like or would be especially interested to see as part of the movie, and write them down using <positive> </positive> tags. If there are any sections that you don't particularly like or would not look forward to seeing in the movie, write them down using <negative> </negative> tags.",d3b82d501c7929700a389e6fee8698f7,1,,sole_question,no,"our q_type 1 — excluded from the banner mart, Phase 4"
HIGHLIGHT-NEGTIVE,"Mai later attempts to convince them to drop their plan of killing Geese, but a jealous spark between them drives them apart.",open_end,HIGHLIGHT,"Now we’d like you to highlight the parts of the description that resonate most - or least - with you. Please focus on the parts of the story you like or would be especially interested to see as part of the movie, and write them down using <positive> </positive> tags. If there are any sections that you don't particularly like or would not look forward to seeing in the movie, write them down using <negative> </negative> tags.",d3b82d501c7929700a389e6fee8698f7,1,,sole_question,no,"our q_type 1 — excluded from the banner mart, Phase 4"
HIGHLIGHT-NEGTIVE,Mai leaves him with the implication that there is something she is holding back.,open_end,HIGHLIGHT,"Now we’d like you to highlight the parts of the description that resonate most - or least - with you. Please focus on the parts of the story you like or would be especially interested to see as part of the movie, and write them down using <positive> </positive> tags. If there are any sections that you don't particularly like or would not look forward to seeing in the movie, write them down using <negative> </negative> tags.",d3b82d501c7929700a389e6fee8698f7,1,,sole_question,no,"our q_type 1 — excluded from the banner mart, Phase 4"
HIGHLIGHT-NEGTIVE,"Mary takes an injured Terry to a black market doctor, only to then double cross and drug him with the popular hallucinogen Dragon’s Breath.",open_end,HIGHLIGHT,"Now we’d like you to highlight the parts of the description that resonate most - or least - with you. Please focus on the parts of the story you like or would be especially interested to see as part of the movie, and write them down using <positive> </positive> tags. If there are any sections that you don't particularly like or would not look forward to seeing in the movie, write them down using <negative> </negative> tags.",d3b82d501c7929700a389e6fee8698f7,1,,sole_question,no,"our q_type 1 — excluded from the banner mart, Phase 4"
HIGHLIGHT-NEGTIVE,"Mid-flight, Terry breaks free with a flare gun but chooses to save an innocent passenger instead of killing Geese.",open_end,HIGHLIGHT,"Now we’d like you to highlight the parts of the description that resonate most - or least - with you. Please focus on the parts of the story you like or would be especially interested to see as part of the movie, and write them down using <positive> </positive> tags. If there are any sections that you don't particularly like or would not look forward to seeing in the movie, write them down using <negative> </negative> tags.",d3b82d501c7929700a389e6fee8698f7,1,,sole_question,no,"our q_type 1 — excluded from the banner mart, Phase 4"
HIGHLIGHT-NEGTIVE,"Neighborhoods are shown as ''ACQUIRED,'' including the orphanage where Terry grew up.",open_end,HIGHLIGHT,"Now we’d like you to highlight the parts of the description that resonate most - or least - with you. Please focus on the parts of the story you like or would be especially interested to see as part of the movie, and write them down using <positive> </positive> tags. If there are any sections that you don't particularly like or would not look forward to seeing in the movie, write them down using <negative> </negative> tags.",d3b82d501c7929700a389e6fee8698f7,1,,sole_question,no,"our q_type 1 — excluded from the banner mart, Phase 4"
HIGHLIGHT-NEGTIVE,"Now teenagers, Terry and Andy run into Mai.",open_end,HIGHLIGHT,"Now we’d like you to highlight the parts of the description that resonate most - or least - with you. Please focus on the parts of the story you like or would be especially interested to see as part of the movie, and write them down using <positive> </positive> tags. If there are any sections that you don't particularly like or would not look forward to seeing in the movie, write them down using <negative> </negative> tags.",d3b82d501c7929700a389e6fee8698f7,1,,sole_question,no,"our q_type 1 — excluded from the banner mart, Phase 4"
HIGHLIGHT-NEGTIVE,"Simultaneously, Blue Mary hijacks every screen in the arena, exposing Geese's exploitation of South Town.",open_end,HIGHLIGHT,"Now we’d like you to highlight the parts of the description that resonate most - or least - with you. Please focus on the parts of the story you like or would be especially interested to see as part of the movie, and write them down using <positive> </positive> tags. If there are any sections that you don't particularly like or would not look forward to seeing in the movie, write them down using <negative> </negative> tags.",d3b82d501c7929700a389e6fee8698f7,1,,sole_question,no,"our q_type 1 — excluded from the banner mart, Phase 4"
HIGHLIGHT-NEGTIVE,"South Town, Andy, and Mai are always his home, but the next adventure is calling.",open_end,HIGHLIGHT,"Now we’d like you to highlight the parts of the description that resonate most - or least - with you. Please focus on the parts of the story you like or would be especially interested to see as part of the movie, and write them down using <positive> </positive> tags. If there are any sections that you don't particularly like or would not look forward to seeing in the movie, write them down using <negative> </negative> tags.",d3b82d501c7929700a389e6fee8698f7,1,,sole_question,no,"our q_type 1 — excluded from the banner mart, Phase 4"
HIGHLIGHT-NEGTIVE,"Terry and Andy battle through Geese's guards up to Howard Tower (aided by an unexpected assist from dancer DUCK KING), splitting up in a rampage to reach the roof.",open_end,HIGHLIGHT,"Now we’d like you to highlight the parts of the description that resonate most - or least - with you. Please focus on the parts of the story you like or would be especially interested to see as part of the movie, and write them down using <positive> </positive> tags. If there are any sections that you don't particularly like or would not look forward to seeing in the movie, write them down using <negative> </negative> tags.",d3b82d501c7929700a389e6fee8698f7,1,,sole_question,no,"our q_type 1 — excluded from the banner mart, Phase 4"
HIGHLIGHT-NEGTIVE,"Terry and Andy meet in the championship, and as the opening bell rings, Terry immediately taps out.",open_end,HIGHLIGHT,"Now we’d like you to highlight the parts of the description that resonate most - or least - with you. Please focus on the parts of the story you like or would be especially interested to see as part of the movie, and write them down using <positive> </positive> tags. If there are any sections that you don't particularly like or would not look forward to seeing in the movie, write them down using <negative> </negative> tags.",d3b82d501c7929700a389e6fee8698f7,1,,sole_question,no,"our q_type 1 — excluded from the banner mart, Phase 4"
HIGHLIGHT-NEGTIVE,Terry arrives at Geese’s underground arena with minutes to spare and slips through security disguised as a cop.,open_end,HIGHLIGHT,"Now we’d like you to highlight the parts of the description that resonate most - or least - with you. Please focus on the parts of the story you like or would be especially interested to see as part of the movie, and write them down using <positive> </positive> tags. If there are any sections that you don't particularly like or would not look forward to seeing in the movie, write them down using <negative> </negative> tags.",d3b82d501c7929700a389e6fee8698f7,1,,sole_question,no,"our q_type 1 — excluded from the banner mart, Phase 4"
HIGHLIGHT-NEGTIVE,Terry arrives back in South Town and reconnects with Mai.,open_end,HIGHLIGHT,"Now we’d like you to highlight the parts of the description that resonate most - or least - with you. Please focus on the parts of the story you like or would be especially interested to see as part of the movie, and write them down using <positive> </positive> tags. If there are any sections that you don't particularly like or would not look forward to seeing in the movie, write them down using <negative> </negative> tags.",d3b82d501c7929700a389e6fee8698f7,1,,sole_question,no,"our q_type 1 — excluded from the banner mart, Phase 4"
HIGHLIGHT-NEGTIVE,Terry breaks his restraints and a brawl erupts.,open_end,HIGHLIGHT,"Now we’d like you to highlight the parts of the description that resonate most - or least - with you. Please focus on the parts of the story you like or would be especially interested to see as part of the movie, and write them down using <positive> </positive> tags. If there are any sections that you don't particularly like or would not look forward to seeing in the movie, write them down using <negative> </negative> tags.",d3b82d501c7929700a389e6fee8698f7,1,,sole_question,no,"our q_type 1 — excluded from the banner mart, Phase 4"
HIGHLIGHT-NEGTIVE,"Terry confronts Geese, only to be tased, zip-tied, and loaded onto a helicopter to be dumped into the bay.",open_end,HIGHLIGHT,"Now we’d like you to highlight the parts of the description that resonate most - or least - with you. Please focus on the parts of the story you like or would be especially interested to see as part of the movie, and write them down using <positive> </positive> tags. If there are any sections that you don't particularly like or would not look forward to seeing in the movie, write them down using <negative> </negative> tags.",d3b82d501c7929700a389e6fee8698f7,1,,sole_question,no,"our q_type 1 — excluded from the banner mart, Phase 4"
HIGHLIGHT-NEGTIVE,Terry defeats Raiden and escapes.,open_end,HIGHLIGHT,"Now we’d like you to highlight the parts of the description that resonate most - or least - with you. Please focus on the parts of the story you like or would be especially interested to see as part of the movie, and write them down using <positive> </positive> tags. If there are any sections that you don't particularly like or would not look forward to seeing in the movie, write them down using <negative> </negative> tags.",d3b82d501c7929700a389e6fee8698f7,1,,sole_question,no,"our q_type 1 — excluded from the banner mart, Phase 4"
HIGHLIGHT-NEGTIVE,"Terry demands to take his spot, demonstrating his mastery of the cyclone kick.",open_end,HIGHLIGHT,"Now we’d like you to highlight the parts of the description that resonate most - or least - with you. Please focus on the parts of the story you like or would be especially interested to see as part of the movie, and write them down using <positive> </positive> tags. If there are any sections that you don't particularly like or would not look forward to seeing in the movie, write them down using <negative> </negative> tags.",d3b82d501c7929700a389e6fee8698f7,1,,sole_question,no,"our q_type 1 — excluded from the banner mart, Phase 4"
HIGHLIGHT-NEGTIVE,Terry escapes underwater and is rescued by his former girlfriend Blue Mary.,open_end,HIGHLIGHT,"Now we’d like you to highlight the parts of the description that resonate most - or least - with you. Please focus on the parts of the story you like or would be especially interested to see as part of the movie, and write them down using <positive> </positive> tags. If there are any sections that you don't particularly like or would not look forward to seeing in the movie, write them down using <negative> </negative> tags.",d3b82d501c7929700a389e6fee8698f7,1,,sole_question,no,"our q_type 1 — excluded from the banner mart, Phase 4"
HIGHLIGHT-NEGTIVE,"Terry escapes, only to be captured by the police, who prepare to execute him.",open_end,HIGHLIGHT,"Now we’d like you to highlight the parts of the description that resonate most - or least - with you. Please focus on the parts of the story you like or would be especially interested to see as part of the movie, and write them down using <positive> </positive> tags. If there are any sections that you don't particularly like or would not look forward to seeing in the movie, write them down using <negative> </negative> tags.",d3b82d501c7929700a389e6fee8698f7,1,,sole_question,no,"our q_type 1 — excluded from the banner mart, Phase 4"
HIGHLIGHT-NEGTIVE,"Terry flees in a brutal gauntlet, beginning with a high-speed bike chase.",open_end,HIGHLIGHT,"Now we’d like you to highlight the parts of the description that resonate most - or least - with you. Please focus on the parts of the story you like or would be especially interested to see as part of the movie, and write them down using <positive> </positive> tags. If there are any sections that you don't particularly like or would not look forward to seeing in the movie, write them down using <negative> </negative> tags.",d3b82d501c7929700a389e6fee8698f7,1,,sole_question,no,"our q_type 1 — excluded from the banner mart, Phase 4"
HIGHLIGHT-NEGTIVE,Terry gets implanted with the King of Fighters biochip that provides a live reading to audiences akin to a health bar.,open_end,HIGHLIGHT,"Now we’d like you to highlight the parts of the description that resonate most - or least - with you. Please focus on the parts of the story you like or would be especially interested to see as part of the movie, and write them down using <positive> </positive> tags. If there are any sections that you don't particularly like or would not look forward to seeing in the movie, write them down using <negative> </negative> tags.",d3b82d501c7929700a389e6fee8698f7,1,,sole_question,no,"our q_type 1 — excluded from the banner mart, Phase 4"
HIGHLIGHT-NEGTIVE,"Terry is staying at a local gym, and after a workout, he hears a mysterious voice in the darkness.",open_end,HIGHLIGHT,"Now we’d like you to highlight the parts of the description that resonate most - or least - with you. Please focus on the parts of the story you like or would be especially interested to see as part of the movie, and write them down using <positive> </positive> tags. If there are any sections that you don't particularly like or would not look forward to seeing in the movie, write them down using <negative> </negative> tags.",d3b82d501c7929700a389e6fee8698f7,1,,sole_question,no,"our q_type 1 — excluded from the banner mart, Phase 4"
HIGHLIGHT-NEGTIVE,"Terry is then pursued by Geese’s thug RAIDEN, leading to battle atop a moving train.",open_end,HIGHLIGHT,"Now we’d like you to highlight the parts of the description that resonate most - or least - with you. Please focus on the parts of the story you like or would be especially interested to see as part of the movie, and write them down using <positive> </positive> tags. If there are any sections that you don't particularly like or would not look forward to seeing in the movie, write them down using <negative> </negative> tags.",d3b82d501c7929700a389e6fee8698f7,1,,sole_question,no,"our q_type 1 — excluded from the banner mart, Phase 4"
HIGHLIGHT-NEGTIVE,Terry sees an ad for the upcoming King of Fighters tournament in South Town.,open_end,HIGHLIGHT,"Now we’d like you to highlight the parts of the description that resonate most - or least - with you. Please focus on the parts of the story you like or would be especially interested to see as part of the movie, and write them down using <positive> </positive> tags. If there are any sections that you don't particularly like or would not look forward to seeing in the movie, write them down using <negative> </negative> tags.",d3b82d501c7929700a389e6fee8698f7,1,,sole_question,no,"our q_type 1 — excluded from the banner mart, Phase 4"
HIGHLIGHT-NEGTIVE,"Terry then decides to crash Geese's nightclub L'Amor, smashing through the glass window and rampaging through security.",open_end,HIGHLIGHT,"Now we’d like you to highlight the parts of the description that resonate most - or least - with you. Please focus on the parts of the story you like or would be especially interested to see as part of the movie, and write them down using <positive> </positive> tags. If there are any sections that you don't particularly like or would not look forward to seeing in the movie, write them down using <negative> </negative> tags.",d3b82d501c7929700a389e6fee8698f7,1,,sole_question,no,"our q_type 1 — excluded from the banner mart, Phase 4"
HIGHLIGHT-NEGTIVE,"Terry then stops at his father's grave, where he reunites with his younger brother ANDY, who he hasn’t seen in years.",open_end,HIGHLIGHT,"Now we’d like you to highlight the parts of the description that resonate most - or least - with you. Please focus on the parts of the story you like or would be especially interested to see as part of the movie, and write them down using <positive> </positive> tags. If there are any sections that you don't particularly like or would not look forward to seeing in the movie, write them down using <negative> </negative> tags.",d3b82d501c7929700a389e6fee8698f7,1,,sole_question,no,"our q_type 1 — excluded from the banner mart, Phase 4"
HIGHLIGHT-NEGTIVE,"Terry trains across the globe - Thailand, Brazil, Russia, China - from top fighters in boxing, muay thai, wrestling, and jiu jitsu.",open_end,HIGHLIGHT,"Now we’d like you to highlight the parts of the description that resonate most - or least - with you. Please focus on the parts of the story you like or would be especially interested to see as part of the movie, and write them down using <positive> </positive> tags. If there are any sections that you don't particularly like or would not look forward to seeing in the movie, write them down using <negative> </negative> tags.",d3b82d501c7929700a389e6fee8698f7,1,,sole_question,no,"our q_type 1 — excluded from the banner mart, Phase 4"
HIGHLIGHT-NEGTIVE,Terry unleashes a cyclone kick and sends Geese over the parapet.,open_end,HIGHLIGHT,"Now we’d like you to highlight the parts of the description that resonate most - or least - with you. Please focus on the parts of the story you like or would be especially interested to see as part of the movie, and write them down using <positive> </positive> tags. If there are any sections that you don't particularly like or would not look forward to seeing in the movie, write them down using <negative> </negative> tags.",d3b82d501c7929700a389e6fee8698f7,1,,sole_question,no,"our q_type 1 — excluded from the banner mart, Phase 4"
HIGHLIGHT-NEGTIVE,Terry wakes up in the neighboring alley and frantically searches for Andy.,open_end,HIGHLIGHT,"Now we’d like you to highlight the parts of the description that resonate most - or least - with you. Please focus on the parts of the story you like or would be especially interested to see as part of the movie, and write them down using <positive> </positive> tags. If there are any sections that you don't particularly like or would not look forward to seeing in the movie, write them down using <negative> </negative> tags.",d3b82d501c7929700a389e6fee8698f7,1,,sole_question,no,"our q_type 1 — excluded from the banner mart, Phase 4"
HIGHLIGHT-NEGTIVE,Terry wins his bout against the staff-wielding Billy Kane and earns his chance to fight Geese.,open_end,HIGHLIGHT,"Now we’d like you to highlight the parts of the description that resonate most - or least - with you. Please focus on the parts of the story you like or would be especially interested to see as part of the movie, and write them down using <positive> </positive> tags. If there are any sections that you don't particularly like or would not look forward to seeing in the movie, write them down using <negative> </negative> tags.",d3b82d501c7929700a389e6fee8698f7,1,,sole_question,no,"our q_type 1 — excluded from the banner mart, Phase 4"
HIGHLIGHT-NEGTIVE,Terry’s biometric implant flatlines.,open_end,HIGHLIGHT,"Now we’d like you to highlight the parts of the description that resonate most - or least - with you. Please focus on the parts of the story you like or would be especially interested to see as part of the movie, and write them down using <positive> </positive> tags. If there are any sections that you don't particularly like or would not look forward to seeing in the movie, write them down using <negative> </negative> tags.",d3b82d501c7929700a389e6fee8698f7,1,,sole_question,no,"our q_type 1 — excluded from the banner mart, Phase 4"
HIGHLIGHT-NEGTIVE,The King of Fighters tournament begins.,open_end,HIGHLIGHT,"Now we’d like you to highlight the parts of the description that resonate most - or least - with you. Please focus on the parts of the story you like or would be especially interested to see as part of the movie, and write them down using <positive> </positive> tags. If there are any sections that you don't particularly like or would not look forward to seeing in the movie, write them down using <negative> </negative> tags.",d3b82d501c7929700a389e6fee8698f7,1,,sole_question,no,"our q_type 1 — excluded from the banner mart, Phase 4"
HIGHLIGHT-NEGTIVE,"The brothers say goodbye at the airport, joking through their emotional parting.",open_end,HIGHLIGHT,"Now we’d like you to highlight the parts of the description that resonate most - or least - with you. Please focus on the parts of the story you like or would be especially interested to see as part of the movie, and write them down using <positive> </positive> tags. If there are any sections that you don't particularly like or would not look forward to seeing in the movie, write them down using <negative> </negative> tags.",d3b82d501c7929700a389e6fee8698f7,1,,sole_question,no,"our q_type 1 — excluded from the banner mart, Phase 4"
HIGHLIGHT-NEGTIVE,The brothers share a quiet moment together in Andy’s apartment.,open_end,HIGHLIGHT,"Now we’d like you to highlight the parts of the description that resonate most - or least - with you. Please focus on the parts of the story you like or would be especially interested to see as part of the movie, and write them down using <positive> </positive> tags. If there are any sections that you don't particularly like or would not look forward to seeing in the movie, write them down using <negative> </negative> tags.",d3b82d501c7929700a389e6fee8698f7,1,,sole_question,no,"our q_type 1 — excluded from the banner mart, Phase 4"
HIGHLIGHT-NEGTIVE,The crowd is stunned.,open_end,HIGHLIGHT,"Now we’d like you to highlight the parts of the description that resonate most - or least - with you. Please focus on the parts of the story you like or would be especially interested to see as part of the movie, and write them down using <positive> </positive> tags. If there are any sections that you don't particularly like or would not look forward to seeing in the movie, write them down using <negative> </negative> tags.",d3b82d501c7929700a389e6fee8698f7,1,,sole_question,no,"our q_type 1 — excluded from the banner mart, Phase 4"
HIGHLIGHT-NEGTIVE,"The crowd turns against Geese, and he flees.",open_end,HIGHLIGHT,"Now we’d like you to highlight the parts of the description that resonate most - or least - with you. Please focus on the parts of the story you like or would be especially interested to see as part of the movie, and write them down using <positive> </positive> tags. If there are any sections that you don't particularly like or would not look forward to seeing in the movie, write them down using <negative> </negative> tags.",d3b82d501c7929700a389e6fee8698f7,1,,sole_question,no,"our q_type 1 — excluded from the banner mart, Phase 4"
HIGHLIGHT-NEGTIVE,"The crowd, and Geese, believe Terry is dead.",open_end,HIGHLIGHT,"Now we’d like you to highlight the parts of the description that resonate most - or least - with you. Please focus on the parts of the story you like or would be especially interested to see as part of the movie, and write them down using <positive> </positive> tags. If there are any sections that you don't particularly like or would not look forward to seeing in the movie, write them down using <negative> </negative> tags.",d3b82d501c7929700a389e6fee8698f7,1,,sole_question,no,"our q_type 1 — excluded from the banner mart, Phase 4"
HIGHLIGHT-NEGTIVE,The duo race through the docks of South Town on a jet ski as Geese’s forces pursue.,open_end,HIGHLIGHT,"Now we’d like you to highlight the parts of the description that resonate most - or least - with you. Please focus on the parts of the story you like or would be especially interested to see as part of the movie, and write them down using <positive> </positive> tags. If there are any sections that you don't particularly like or would not look forward to seeing in the movie, write them down using <negative> </negative> tags.",d3b82d501c7929700a389e6fee8698f7,1,,sole_question,no,"our q_type 1 — excluded from the banner mart, Phase 4"
HIGHLIGHT-NEGTIVE,"The two brothers begin to fight before they are eventually broken up by Andy's fiancée, MAI SHIRANUI, who tells Terry to earn his own shot at Geese.",open_end,HIGHLIGHT,"Now we’d like you to highlight the parts of the description that resonate most - or least - with you. Please focus on the parts of the story you like or would be especially interested to see as part of the movie, and write them down using <positive> </positive> tags. If there are any sections that you don't particularly like or would not look forward to seeing in the movie, write them down using <negative> </negative> tags.",d3b82d501c7929700a389e6fee8698f7,1,,sole_question,no,"our q_type 1 — excluded from the banner mart, Phase 4"
HIGHLIGHT-NEGTIVE,"The winner gets ten million dollars, but most importantly to Terry, if he enters, he’d get a shot to fight Geese Howard himself.",open_end,HIGHLIGHT,"Now we’d like you to highlight the parts of the description that resonate most - or least - with you. Please focus on the parts of the story you like or would be especially interested to see as part of the movie, and write them down using <positive> </positive> tags. If there are any sections that you don't particularly like or would not look forward to seeing in the movie, write them down using <negative> </negative> tags.",d3b82d501c7929700a389e6fee8698f7,1,,sole_question,no,"our q_type 1 — excluded from the banner mart, Phase 4"
HIGHLIGHT-NEGTIVE,"There, Terry destroys Geese's escape helicopter, and the two finally face off in the rain.",open_end,HIGHLIGHT,"Now we’d like you to highlight the parts of the description that resonate most - or least - with you. Please focus on the parts of the story you like or would be especially interested to see as part of the movie, and write them down using <positive> </positive> tags. If there are any sections that you don't particularly like or would not look forward to seeing in the movie, write them down using <negative> </negative> tags.",d3b82d501c7929700a389e6fee8698f7,1,,sole_question,no,"our q_type 1 — excluded from the banner mart, Phase 4"
HIGHLIGHT-NEGTIVE,"They are both smitten, and they try to impress her, only to run into trouble with her wealthy friends.",open_end,HIGHLIGHT,"Now we’d like you to highlight the parts of the description that resonate most - or least - with you. Please focus on the parts of the story you like or would be especially interested to see as part of the movie, and write them down using <positive> </positive> tags. If there are any sections that you don't particularly like or would not look forward to seeing in the movie, write them down using <negative> </negative> tags.",d3b82d501c7929700a389e6fee8698f7,1,,sole_question,no,"our q_type 1 — excluded from the banner mart, Phase 4"
HIGHLIGHT-NEGTIVE,"They are scolded by the dojo’s master, JEFF SMITH, but he offers them a meal in exchange for cleaning.",open_end,HIGHLIGHT,"Now we’d like you to highlight the parts of the description that resonate most - or least - with you. Please focus on the parts of the story you like or would be especially interested to see as part of the movie, and write them down using <positive> </positive> tags. If there are any sections that you don't particularly like or would not look forward to seeing in the movie, write them down using <negative> </negative> tags.",d3b82d501c7929700a389e6fee8698f7,1,,sole_question,no,"our q_type 1 — excluded from the banner mart, Phase 4"
HIGHLIGHT-NEGTIVE,"They both still carry their halves of a domino necklace, a tribute to their father.",open_end,HIGHLIGHT,"Now we’d like you to highlight the parts of the description that resonate most - or least - with you. Please focus on the parts of the story you like or would be especially interested to see as part of the movie, and write them down using <positive> </positive> tags. If there are any sections that you don't particularly like or would not look forward to seeing in the movie, write them down using <negative> </negative> tags.",d3b82d501c7929700a389e6fee8698f7,1,,sole_question,no,"our q_type 1 — excluded from the banner mart, Phase 4"
HIGHLIGHT-NEGTIVE,"They catch up at her favorite noodle shop, where a group of thugs soon enter and pick a fight with Terry.",open_end,HIGHLIGHT,"Now we’d like you to highlight the parts of the description that resonate most - or least - with you. Please focus on the parts of the story you like or would be especially interested to see as part of the movie, and write them down using <positive> </positive> tags. If there are any sections that you don't particularly like or would not look forward to seeing in the movie, write them down using <negative> </negative> tags.",d3b82d501c7929700a389e6fee8698f7,1,,sole_question,no,"our q_type 1 — excluded from the banner mart, Phase 4"
HIGHLIGHT-NEGTIVE,They eat handfuls of uncooked rice for dinner and collect cans off of the street for money.,open_end,HIGHLIGHT,"Now we’d like you to highlight the parts of the description that resonate most - or least - with you. Please focus on the parts of the story you like or would be especially interested to see as part of the movie, and write them down using <positive> </positive> tags. If there are any sections that you don't particularly like or would not look forward to seeing in the movie, write them down using <negative> </negative> tags.",d3b82d501c7929700a389e6fee8698f7,1,,sole_question,no,"our q_type 1 — excluded from the banner mart, Phase 4"
HIGHLIGHT-NEGTIVE,They have the chance to join a gang that steals valuables from unsuspecting beachgoers.,open_end,HIGHLIGHT,"Now we’d like you to highlight the parts of the description that resonate most - or least - with you. Please focus on the parts of the story you like or would be especially interested to see as part of the movie, and write them down using <positive> </positive> tags. If there are any sections that you don't particularly like or would not look forward to seeing in the movie, write them down using <negative> </negative> tags.",d3b82d501c7929700a389e6fee8698f7,1,,sole_question,no,"our q_type 1 — excluded from the banner mart, Phase 4"
HIGHLIGHT-NEGTIVE,"They reach safety and share a quiet moment over a manatee scarred with the name ''Geese,'' a reminder of Howard’s cruelty and past crimes.",open_end,HIGHLIGHT,"Now we’d like you to highlight the parts of the description that resonate most - or least - with you. Please focus on the parts of the story you like or would be especially interested to see as part of the movie, and write them down using <positive> </positive> tags. If there are any sections that you don't particularly like or would not look forward to seeing in the movie, write them down using <negative> </negative> tags.",d3b82d501c7929700a389e6fee8698f7,1,,sole_question,no,"our q_type 1 — excluded from the banner mart, Phase 4"
HIGHLIGHT-NEGTIVE,"This is GEESE HOWARD, who breaks his constraints and dispatches the room with a ruthless ease.",open_end,HIGHLIGHT,"Now we’d like you to highlight the parts of the description that resonate most - or least - with you. Please focus on the parts of the story you like or would be especially interested to see as part of the movie, and write them down using <positive> </positive> tags. If there are any sections that you don't particularly like or would not look forward to seeing in the movie, write them down using <negative> </negative> tags.",d3b82d501c7929700a389e6fee8698f7,1,,sole_question,no,"our q_type 1 — excluded from the banner mart, Phase 4"
HIGHLIGHT-NEGTIVE,"This time, he’s calmer, steadier, and more powerful.",open_end,HIGHLIGHT,"Now we’d like you to highlight the parts of the description that resonate most - or least - with you. Please focus on the parts of the story you like or would be especially interested to see as part of the movie, and write them down using <positive> </positive> tags. If there are any sections that you don't particularly like or would not look forward to seeing in the movie, write them down using <negative> </negative> tags.",d3b82d501c7929700a389e6fee8698f7,1,,sole_question,no,"our q_type 1 — excluded from the banner mart, Phase 4"
HIGHLIGHT-NEGTIVE,"This was his ploy to get every key player in the same place. Now, a new kingpin has ascended.",open_end,HIGHLIGHT,"Now we’d like you to highlight the parts of the description that resonate most - or least - with you. Please focus on the parts of the story you like or would be especially interested to see as part of the movie, and write them down using <positive> </positive> tags. If there are any sections that you don't particularly like or would not look forward to seeing in the movie, write them down using <negative> </negative> tags.",d3b82d501c7929700a389e6fee8698f7,1,,sole_question,no,"our q_type 1 — excluded from the banner mart, Phase 4"
HIGHLIGHT-NEGTIVE,This was the secret Mai was withholding from Terry.,open_end,HIGHLIGHT,"Now we’d like you to highlight the parts of the description that resonate most - or least - with you. Please focus on the parts of the story you like or would be especially interested to see as part of the movie, and write them down using <positive> </positive> tags. If there are any sections that you don't particularly like or would not look forward to seeing in the movie, write them down using <negative> </negative> tags.",d3b82d501c7929700a389e6fee8698f7,1,,sole_question,no,"our q_type 1 — excluded from the banner mart, Phase 4"
HIGHLIGHT-NEGTIVE,Tung Fu Rue serves as Terry’s corner man and hints to Terry a more complicated past relationship between Jeff and Geese.,open_end,HIGHLIGHT,"Now we’d like you to highlight the parts of the description that resonate most - or least - with you. Please focus on the parts of the story you like or would be especially interested to see as part of the movie, and write them down using <positive> </positive> tags. If there are any sections that you don't particularly like or would not look forward to seeing in the movie, write them down using <negative> </negative> tags.",d3b82d501c7929700a389e6fee8698f7,1,,sole_question,no,"our q_type 1 — excluded from the banner mart, Phase 4"
HIGHLIGHT-NEGTIVE,"We open in South Town, a sprawling megacity that feels equal parts Miami and Tokyo.",open_end,HIGHLIGHT,"Now we’d like you to highlight the parts of the description that resonate most - or least - with you. Please focus on the parts of the story you like or would be especially interested to see as part of the movie, and write them down using <positive> </positive> tags. If there are any sections that you don't particularly like or would not look forward to seeing in the movie, write them down using <negative> </negative> tags.",d3b82d501c7929700a389e6fee8698f7,1,,sole_question,no,"our q_type 1 — excluded from the banner mart, Phase 4"
HIGHLIGHT-NEGTIVE,"When the gang leader steals sunglasses from a beautiful girl, MAI SHIRANUI (8), Andy returns them to her.",open_end,HIGHLIGHT,"Now we’d like you to highlight the parts of the description that resonate most - or least - with you. Please focus on the parts of the story you like or would be especially interested to see as part of the movie, and write them down using <positive> </positive> tags. If there are any sections that you don't particularly like or would not look forward to seeing in the movie, write them down using <negative> </negative> tags.",d3b82d501c7929700a389e6fee8698f7,1,,sole_question,no,"our q_type 1 — excluded from the banner mart, Phase 4"
HIGHLIGHT-NEGTIVE,"With Geese gone, South Town's criminal empire collapses.",open_end,HIGHLIGHT,"Now we’d like you to highlight the parts of the description that resonate most - or least - with you. Please focus on the parts of the story you like or would be especially interested to see as part of the movie, and write them down using <positive> </positive> tags. If there are any sections that you don't particularly like or would not look forward to seeing in the movie, write them down using <negative> </negative> tags.",d3b82d501c7929700a389e6fee8698f7,1,,sole_question,no,"our q_type 1 — excluded from the banner mart, Phase 4"
HIGHLIGHT-NEGTIVE,"Years pass, and Jeff adopts the boys outright.",open_end,HIGHLIGHT,"Now we’d like you to highlight the parts of the description that resonate most - or least - with you. Please focus on the parts of the story you like or would be especially interested to see as part of the movie, and write them down using <positive> </positive> tags. If there are any sections that you don't particularly like or would not look forward to seeing in the movie, write them down using <negative> </negative> tags.",d3b82d501c7929700a389e6fee8698f7,1,,sole_question,no,"our q_type 1 — excluded from the banner mart, Phase 4"
HIGHLIGHT-NEGTIVE,"Years pass, and now an adult, Terry ends his journey learning Tai Chi from the mysterious Tung Fu Rue.",open_end,HIGHLIGHT,"Now we’d like you to highlight the parts of the description that resonate most - or least - with you. Please focus on the parts of the story you like or would be especially interested to see as part of the movie, and write them down using <positive> </positive> tags. If there are any sections that you don't particularly like or would not look forward to seeing in the movie, write them down using <negative> </negative> tags.",d3b82d501c7929700a389e6fee8698f7,1,,sole_question,no,"our q_type 1 — excluded from the banner mart, Phase 4"
HIGHLIGHT-POSITIVE,''Dad would've liked that ending better.'',open_end,HIGHLIGHT,"Now we’d like you to highlight the parts of the description that resonate most - or least - with you. Please focus on the parts of the story you like or would be especially interested to see as part of the movie, and write them down using <positive> </positive> tags. If there are any sections that you don't particularly like or would not look forward to seeing in the movie, write them down using <negative> </negative> tags.",d3b82d501c7929700a389e6fee8698f7,1,,sole_question,no,"our q_type 1 — excluded from the banner mart, Phase 4"
HIGHLIGHT-POSITIVE,"''Fury is fatal.'' Terry climbs up, stunning both Geese and Andy.",open_end,HIGHLIGHT,"Now we’d like you to highlight the parts of the description that resonate most - or least - with you. Please focus on the parts of the story you like or would be especially interested to see as part of the movie, and write them down using <positive> </positive> tags. If there are any sections that you don't particularly like or would not look forward to seeing in the movie, write them down using <negative> </negative> tags.",d3b82d501c7929700a389e6fee8698f7,1,,sole_question,no,"our q_type 1 — excluded from the banner mart, Phase 4"
HIGHLIGHT-POSITIVE,"A scuffle ensues, and the boys are taken to the police station.",open_end,HIGHLIGHT,"Now we’d like you to highlight the parts of the description that resonate most - or least - with you. Please focus on the parts of the story you like or would be especially interested to see as part of the movie, and write them down using <positive> </positive> tags. If there are any sections that you don't particularly like or would not look forward to seeing in the movie, write them down using <negative> </negative> tags.",d3b82d501c7929700a389e6fee8698f7,1,,sole_question,no,"our q_type 1 — excluded from the banner mart, Phase 4"
HIGHLIGHT-POSITIVE,Andy and Terry are knocked unconscious.,open_end,HIGHLIGHT,"Now we’d like you to highlight the parts of the description that resonate most - or least - with you. Please focus on the parts of the story you like or would be especially interested to see as part of the movie, and write them down using <positive> </positive> tags. If there are any sections that you don't particularly like or would not look forward to seeing in the movie, write them down using <negative> </negative> tags.",d3b82d501c7929700a389e6fee8698f7,1,,sole_question,no,"our q_type 1 — excluded from the banner mart, Phase 4"
HIGHLIGHT-POSITIVE,Andy and Terry move through the rounds in gritty early 2000’s MMA style fights.,open_end,HIGHLIGHT,"Now we’d like you to highlight the parts of the description that resonate most - or least - with you. Please focus on the parts of the story you like or would be especially interested to see as part of the movie, and write them down using <positive> </positive> tags. If there are any sections that you don't particularly like or would not look forward to seeing in the movie, write them down using <negative> </negative> tags.",d3b82d501c7929700a389e6fee8698f7,1,,sole_question,no,"our q_type 1 — excluded from the banner mart, Phase 4"
HIGHLIGHT-POSITIVE,"Andy invites Terry to stay and rebuild South Town, but Terry, with Blue Mary waiting on a motorcycle, has more miles to ride.",open_end,HIGHLIGHT,"Now we’d like you to highlight the parts of the description that resonate most - or least - with you. Please focus on the parts of the story you like or would be especially interested to see as part of the movie, and write them down using <positive> </positive> tags. If there are any sections that you don't particularly like or would not look forward to seeing in the movie, write them down using <negative> </negative> tags.",d3b82d501c7929700a389e6fee8698f7,1,,sole_question,no,"our q_type 1 — excluded from the banner mart, Phase 4"
HIGHLIGHT-POSITIVE,"Andy is forced into the ring for a wrenching brother-versus-brother fight, climaxing with Andy dropping Terry.",open_end,HIGHLIGHT,"Now we’d like you to highlight the parts of the description that resonate most - or least - with you. Please focus on the parts of the story you like or would be especially interested to see as part of the movie, and write them down using <positive> </positive> tags. If there are any sections that you don't particularly like or would not look forward to seeing in the movie, write them down using <negative> </negative> tags.",d3b82d501c7929700a389e6fee8698f7,1,,sole_question,no,"our q_type 1 — excluded from the banner mart, Phase 4"
HIGHLIGHT-POSITIVE,"Andy is on the same mission as Terry, and he has earned a legitimate slot in Geese’s tournament.",open_end,HIGHLIGHT,"Now we’d like you to highlight the parts of the description that resonate most - or least - with you. Please focus on the parts of the story you like or would be especially interested to see as part of the movie, and write them down using <positive> </positive> tags. If there are any sections that you don't particularly like or would not look forward to seeing in the movie, write them down using <negative> </negative> tags.",d3b82d501c7929700a389e6fee8698f7,1,,sole_question,no,"our q_type 1 — excluded from the banner mart, Phase 4"
HIGHLIGHT-POSITIVE,Andy notes the truth of it: Terry came home to kill Geese and ended it trying to save him.,open_end,HIGHLIGHT,"Now we’d like you to highlight the parts of the description that resonate most - or least - with you. Please focus on the parts of the story you like or would be especially interested to see as part of the movie, and write them down using <positive> </positive> tags. If there are any sections that you don't particularly like or would not look forward to seeing in the movie, write them down using <negative> </negative> tags.",d3b82d501c7929700a389e6fee8698f7,1,,sole_question,no,"our q_type 1 — excluded from the banner mart, Phase 4"
HIGHLIGHT-POSITIVE,"Andy retires the gangster act and opens ''Bogard Martial Arts,'' with Mai at his side.",open_end,HIGHLIGHT,"Now we’d like you to highlight the parts of the description that resonate most - or least - with you. Please focus on the parts of the story you like or would be especially interested to see as part of the movie, and write them down using <positive> </positive> tags. If there are any sections that you don't particularly like or would not look forward to seeing in the movie, write them down using <negative> </negative> tags.",d3b82d501c7929700a389e6fee8698f7,1,,sole_question,no,"our q_type 1 — excluded from the banner mart, Phase 4"
HIGHLIGHT-POSITIVE,"As Geese is about to execute Andy, we see Terry on the ledge, semi-conscious.",open_end,HIGHLIGHT,"Now we’d like you to highlight the parts of the description that resonate most - or least - with you. Please focus on the parts of the story you like or would be especially interested to see as part of the movie, and write them down using <positive> </positive> tags. If there are any sections that you don't particularly like or would not look forward to seeing in the movie, write them down using <negative> </negative> tags.",d3b82d501c7929700a389e6fee8698f7,1,,sole_question,no,"our q_type 1 — excluded from the banner mart, Phase 4"
HIGHLIGHT-POSITIVE,"As Terry sits in the cop car, rival bounty hunters ram him off the pier.",open_end,HIGHLIGHT,"Now we’d like you to highlight the parts of the description that resonate most - or least - with you. Please focus on the parts of the story you like or would be especially interested to see as part of the movie, and write them down using <positive> </positive> tags. If there are any sections that you don't particularly like or would not look forward to seeing in the movie, write them down using <negative> </negative> tags.",d3b82d501c7929700a389e6fee8698f7,1,,sole_question,no,"our q_type 1 — excluded from the banner mart, Phase 4"
HIGHLIGHT-POSITIVE,"As Terry swims to shore, an enraged Geese puts a ten-million-dollar bounty on Terry's head, weaponizing South Town’s gangs, syndicates, and corrupt cops in a violent manhunt.",open_end,HIGHLIGHT,"Now we’d like you to highlight the parts of the description that resonate most - or least - with you. Please focus on the parts of the story you like or would be especially interested to see as part of the movie, and write them down using <positive> </positive> tags. If there are any sections that you don't particularly like or would not look forward to seeing in the movie, write them down using <negative> </negative> tags.",d3b82d501c7929700a389e6fee8698f7,1,,sole_question,no,"our q_type 1 — excluded from the banner mart, Phase 4"
HIGHLIGHT-POSITIVE,"As dawn breaks and the hundred-minute clock hits zero, Terry sees a vision of a wolf in the morning light.",open_end,HIGHLIGHT,"Now we’d like you to highlight the parts of the description that resonate most - or least - with you. Please focus on the parts of the story you like or would be especially interested to see as part of the movie, and write them down using <positive> </positive> tags. If there are any sections that you don't particularly like or would not look forward to seeing in the movie, write them down using <negative> </negative> tags.",d3b82d501c7929700a389e6fee8698f7,1,,sole_question,no,"our q_type 1 — excluded from the banner mart, Phase 4"
HIGHLIGHT-POSITIVE,"As he makes his way to the tournament, he is guided through abandoned tunnels by hallucinations of his ten-year-old self, a wolf, and finally Jeff’s ghost, who tells him the hard...",open_end,HIGHLIGHT,"Now we’d like you to highlight the parts of the description that resonate most - or least - with you. Please focus on the parts of the story you like or would be especially interested to see as part of the movie, and write them down using <positive> </positive> tags. If there are any sections that you don't particularly like or would not look forward to seeing in the movie, write them down using <negative> </negative> tags.",d3b82d501c7929700a389e6fee8698f7,1,,sole_question,no,"our q_type 1 — excluded from the banner mart, Phase 4"
HIGHLIGHT-POSITIVE,"As the mayor of South Town asks who called for this meeting, the handcuffed man smiles. He did.",open_end,HIGHLIGHT,"Now we’d like you to highlight the parts of the description that resonate most - or least - with you. Please focus on the parts of the story you like or would be especially interested to see as part of the movie, and write them down using <positive> </positive> tags. If there are any sections that you don't particularly like or would not look forward to seeing in the movie, write them down using <negative> </negative> tags.",d3b82d501c7929700a389e6fee8698f7,1,,sole_question,no,"our q_type 1 — excluded from the banner mart, Phase 4"
HIGHLIGHT-POSITIVE,"At a surreptitious gathering of mob bosses and politicians alike, a young man is beaten half to death.",open_end,HIGHLIGHT,"Now we’d like you to highlight the parts of the description that resonate most - or least - with you. Please focus on the parts of the story you like or would be especially interested to see as part of the movie, and write them down using <positive> </positive> tags. If there are any sections that you don't particularly like or would not look forward to seeing in the movie, write them down using <negative> </negative> tags.",d3b82d501c7929700a389e6fee8698f7,1,,sole_question,no,"our q_type 1 — excluded from the banner mart, Phase 4"
HIGHLIGHT-POSITIVE,"At the Pao Pao Café, bar owner and old mentor RICHARD MEYER discusses the upcoming King of Fighters tournament, a dark-web death-match streamed to gamblers worldwide.",open_end,HIGHLIGHT,"Now we’d like you to highlight the parts of the description that resonate most - or least - with you. Please focus on the parts of the story you like or would be especially interested to see as part of the movie, and write them down using <positive> </positive> tags. If there are any sections that you don't particularly like or would not look forward to seeing in the movie, write them down using <negative> </negative> tags.",d3b82d501c7929700a389e6fee8698f7,1,,sole_question,no,"our q_type 1 — excluded from the banner mart, Phase 4"
HIGHLIGHT-POSITIVE,"Because Geese registered as a fighter and has entered the ring, he now must fight Terry, despite his previous medical exemption.",open_end,HIGHLIGHT,"Now we’d like you to highlight the parts of the description that resonate most - or least - with you. Please focus on the parts of the story you like or would be especially interested to see as part of the movie, and write them down using <positive> </positive> tags. If there are any sections that you don't particularly like or would not look forward to seeing in the movie, write them down using <negative> </negative> tags.",d3b82d501c7929700a389e6fee8698f7,1,,sole_question,no,"our q_type 1 — excluded from the banner mart, Phase 4"
HIGHLIGHT-POSITIVE,"Both Andy and Terry try to intervene, but they are no match.",open_end,HIGHLIGHT,"Now we’d like you to highlight the parts of the description that resonate most - or least - with you. Please focus on the parts of the story you like or would be especially interested to see as part of the movie, and write them down using <positive> </positive> tags. If there are any sections that you don't particularly like or would not look forward to seeing in the movie, write them down using <negative> </negative> tags.",d3b82d501c7929700a389e6fee8698f7,1,,sole_question,no,"our q_type 1 — excluded from the banner mart, Phase 4"
HIGHLIGHT-POSITIVE,"But deep down, Terry knows he can't stay.",open_end,HIGHLIGHT,"Now we’d like you to highlight the parts of the description that resonate most - or least - with you. Please focus on the parts of the story you like or would be especially interested to see as part of the movie, and write them down using <positive> </positive> tags. If there are any sections that you don't particularly like or would not look forward to seeing in the movie, write them down using <negative> </negative> tags.",d3b82d501c7929700a389e6fee8698f7,1,,sole_question,no,"our q_type 1 — excluded from the banner mart, Phase 4"
HIGHLIGHT-POSITIVE,"Dangling from the tower, our villain, broken and almost amused, chooses death.",open_end,HIGHLIGHT,"Now we’d like you to highlight the parts of the description that resonate most - or least - with you. Please focus on the parts of the story you like or would be especially interested to see as part of the movie, and write them down using <positive> </positive> tags. If there are any sections that you don't particularly like or would not look forward to seeing in the movie, write them down using <negative> </negative> tags.",d3b82d501c7929700a389e6fee8698f7,1,,sole_question,no,"our q_type 1 — excluded from the banner mart, Phase 4"
HIGHLIGHT-POSITIVE,"Elsewhere in South Town, two young orphaned brothers TERRY (9) and ANDY (8) sleep in an abandoned building.",open_end,HIGHLIGHT,"Now we’d like you to highlight the parts of the description that resonate most - or least - with you. Please focus on the parts of the story you like or would be especially interested to see as part of the movie, and write them down using <positive> </positive> tags. If there are any sections that you don't particularly like or would not look forward to seeing in the movie, write them down using <negative> </negative> tags.",d3b82d501c7929700a389e6fee8698f7,1,,sole_question,no,"our q_type 1 — excluded from the banner mart, Phase 4"
HIGHLIGHT-POSITIVE,"Enter Geese Howard, a former rival of Jeff’s who has been hunting him for years.",open_end,HIGHLIGHT,"Now we’d like you to highlight the parts of the description that resonate most - or least - with you. Please focus on the parts of the story you like or would be especially interested to see as part of the movie, and write them down using <positive> </positive> tags. If there are any sections that you don't particularly like or would not look forward to seeing in the movie, write them down using <negative> </negative> tags.",d3b82d501c7929700a389e6fee8698f7,1,,sole_question,no,"our q_type 1 — excluded from the banner mart, Phase 4"
HIGHLIGHT-POSITIVE,"Geese catches the edge and Terry, refusing to succumb to the cycle, reaches out with his wounded arm to save him.",open_end,HIGHLIGHT,"Now we’d like you to highlight the parts of the description that resonate most - or least - with you. Please focus on the parts of the story you like or would be especially interested to see as part of the movie, and write them down using <positive> </positive> tags. If there are any sections that you don't particularly like or would not look forward to seeing in the movie, write them down using <negative> </negative> tags.",d3b82d501c7929700a389e6fee8698f7,1,,sole_question,no,"our q_type 1 — excluded from the banner mart, Phase 4"
HIGHLIGHT-POSITIVE,"Geese gets the upper hand on both brothers and knocks Terry off the edge, seemingly to his death.",open_end,HIGHLIGHT,"Now we’d like you to highlight the parts of the description that resonate most - or least - with you. Please focus on the parts of the story you like or would be especially interested to see as part of the movie, and write them down using <positive> </positive> tags. If there are any sections that you don't particularly like or would not look forward to seeing in the movie, write them down using <negative> </negative> tags.",d3b82d501c7929700a389e6fee8698f7,1,,sole_question,no,"our q_type 1 — excluded from the banner mart, Phase 4"
HIGHLIGHT-POSITIVE,Geese himself is coming out of retirement to face the night's winner.,open_end,HIGHLIGHT,"Now we’d like you to highlight the parts of the description that resonate most - or least - with you. Please focus on the parts of the story you like or would be especially interested to see as part of the movie, and write them down using <positive> </positive> tags. If there are any sections that you don't particularly like or would not look forward to seeing in the movie, write them down using <negative> </negative> tags.",d3b82d501c7929700a389e6fee8698f7,1,,sole_question,no,"our q_type 1 — excluded from the banner mart, Phase 4"
HIGHLIGHT-POSITIVE,Geese kills Jeff and sets the dojo aflame.,open_end,HIGHLIGHT,"Now we’d like you to highlight the parts of the description that resonate most - or least - with you. Please focus on the parts of the story you like or would be especially interested to see as part of the movie, and write them down using <positive> </positive> tags. If there are any sections that you don't particularly like or would not look forward to seeing in the movie, write them down using <negative> </negative> tags.",d3b82d501c7929700a389e6fee8698f7,1,,sole_question,no,"our q_type 1 — excluded from the banner mart, Phase 4"
HIGHLIGHT-POSITIVE,Geese realizes these are the Bogards and is furious that his main event has been ruined.,open_end,HIGHLIGHT,"Now we’d like you to highlight the parts of the description that resonate most - or least - with you. Please focus on the parts of the story you like or would be especially interested to see as part of the movie, and write them down using <positive> </positive> tags. If there are any sections that you don't particularly like or would not look forward to seeing in the movie, write them down using <negative> </negative> tags.",d3b82d501c7929700a389e6fee8698f7,1,,sole_question,no,"our q_type 1 — excluded from the banner mart, Phase 4"
HIGHLIGHT-POSITIVE,"Geese refuses to be saved, digging into Terry’s wound and tearing himself free.",open_end,HIGHLIGHT,"Now we’d like you to highlight the parts of the description that resonate most - or least - with you. Please focus on the parts of the story you like or would be especially interested to see as part of the movie, and write them down using <positive> </positive> tags. If there are any sections that you don't particularly like or would not look forward to seeing in the movie, write them down using <negative> </negative> tags.",d3b82d501c7929700a389e6fee8698f7,1,,sole_question,no,"our q_type 1 — excluded from the banner mart, Phase 4"
HIGHLIGHT-POSITIVE,"Geese reveals he killed Jeff because Jeff was organizing the dockworkers, threatening his shipping business, but Terry sees the truth beneath it: simple envy of the better man.",open_end,HIGHLIGHT,"Now we’d like you to highlight the parts of the description that resonate most - or least - with you. Please focus on the parts of the story you like or would be especially interested to see as part of the movie, and write them down using <positive> </positive> tags. If there are any sections that you don't particularly like or would not look forward to seeing in the movie, write them down using <negative> </negative> tags.",d3b82d501c7929700a389e6fee8698f7,1,,sole_question,no,"our q_type 1 — excluded from the banner mart, Phase 4"
HIGHLIGHT-POSITIVE,"Geese steps into the ring to gloat, and Terry sits up - alive! He reveals that Blue Mary, a former Fraud Unit investigator, hacked his biochip to help fake his death.",open_end,HIGHLIGHT,"Now we’d like you to highlight the parts of the description that resonate most - or least - with you. Please focus on the parts of the story you like or would be especially interested to see as part of the movie, and write them down using <positive> </positive> tags. If there are any sections that you don't particularly like or would not look forward to seeing in the movie, write them down using <negative> </negative> tags.",d3b82d501c7929700a389e6fee8698f7,1,,sole_question,no,"our q_type 1 — excluded from the banner mart, Phase 4"
HIGHLIGHT-POSITIVE,"Geese watches on, suspicious of both of these mysterious, skilled combatants.",open_end,HIGHLIGHT,"Now we’d like you to highlight the parts of the description that resonate most - or least - with you. Please focus on the parts of the story you like or would be especially interested to see as part of the movie, and write them down using <positive> </positive> tags. If there are any sections that you don't particularly like or would not look forward to seeing in the movie, write them down using <negative> </negative> tags.",d3b82d501c7929700a389e6fee8698f7,1,,sole_question,no,"our q_type 1 — excluded from the banner mart, Phase 4"
HIGHLIGHT-POSITIVE,He also learns discipline and patience.,open_end,HIGHLIGHT,"Now we’d like you to highlight the parts of the description that resonate most - or least - with you. Please focus on the parts of the story you like or would be especially interested to see as part of the movie, and write them down using <positive> </positive> tags. If there are any sections that you don't particularly like or would not look forward to seeing in the movie, write them down using <negative> </negative> tags.",d3b82d501c7929700a389e6fee8698f7,1,,sole_question,no,"our q_type 1 — excluded from the banner mart, Phase 4"
HIGHLIGHT-POSITIVE,He announces his return by methodically beating five bikers sent to greet him and then starts a one hundred-minute countdown on his watch.,open_end,HIGHLIGHT,"Now we’d like you to highlight the parts of the description that resonate most - or least - with you. Please focus on the parts of the story you like or would be especially interested to see as part of the movie, and write them down using <positive> </positive> tags. If there are any sections that you don't particularly like or would not look forward to seeing in the movie, write them down using <negative> </negative> tags.",d3b82d501c7929700a389e6fee8698f7,1,,sole_question,no,"our q_type 1 — excluded from the banner mart, Phase 4"
HIGHLIGHT-POSITIVE,He bests Geese.,open_end,HIGHLIGHT,"Now we’d like you to highlight the parts of the description that resonate most - or least - with you. Please focus on the parts of the story you like or would be especially interested to see as part of the movie, and write them down using <positive> </positive> tags. If there are any sections that you don't particularly like or would not look forward to seeing in the movie, write them down using <negative> </negative> tags.",d3b82d501c7929700a389e6fee8698f7,1,,sole_question,no,"our q_type 1 — excluded from the banner mart, Phase 4"
HIGHLIGHT-POSITIVE,"He easily dispatches them, but fails to notice Mai’s own martial arts skills.",open_end,HIGHLIGHT,"Now we’d like you to highlight the parts of the description that resonate most - or least - with you. Please focus on the parts of the story you like or would be especially interested to see as part of the movie, and write them down using <positive> </positive> tags. If there are any sections that you don't particularly like or would not look forward to seeing in the movie, write them down using <negative> </negative> tags.",d3b82d501c7929700a389e6fee8698f7,1,,sole_question,no,"our q_type 1 — excluded from the banner mart, Phase 4"
HIGHLIGHT-POSITIVE,He falls into darkness.,open_end,HIGHLIGHT,"Now we’d like you to highlight the parts of the description that resonate most - or least - with you. Please focus on the parts of the story you like or would be especially interested to see as part of the movie, and write them down using <positive> </positive> tags. If there are any sections that you don't particularly like or would not look forward to seeing in the movie, write them down using <negative> </negative> tags.",d3b82d501c7929700a389e6fee8698f7,1,,sole_question,no,"our q_type 1 — excluded from the banner mart, Phase 4"
HIGHLIGHT-POSITIVE,"He hears all his mentors’ voices at once - every fighting master and, most importantly, Jeff’s voice, too - and it lands: stop fighting in anger.",open_end,HIGHLIGHT,"Now we’d like you to highlight the parts of the description that resonate most - or least - with you. Please focus on the parts of the story you like or would be especially interested to see as part of the movie, and write them down using <positive> </positive> tags. If there are any sections that you don't particularly like or would not look forward to seeing in the movie, write them down using <negative> </negative> tags.",d3b82d501c7929700a389e6fee8698f7,1,,sole_question,no,"our q_type 1 — excluded from the banner mart, Phase 4"
HIGHLIGHT-POSITIVE,"He never could, he's the hungry wolf, the one who keeps running.",open_end,HIGHLIGHT,"Now we’d like you to highlight the parts of the description that resonate most - or least - with you. Please focus on the parts of the story you like or would be especially interested to see as part of the movie, and write them down using <positive> </positive> tags. If there are any sections that you don't particularly like or would not look forward to seeing in the movie, write them down using <negative> </negative> tags.",d3b82d501c7929700a389e6fee8698f7,1,,sole_question,no,"our q_type 1 — excluded from the banner mart, Phase 4"
HIGHLIGHT-POSITIVE,He orders the brothers to be taken to Geese Tower.,open_end,HIGHLIGHT,"Now we’d like you to highlight the parts of the description that resonate most - or least - with you. Please focus on the parts of the story you like or would be especially interested to see as part of the movie, and write them down using <positive> </positive> tags. If there are any sections that you don't particularly like or would not look forward to seeing in the movie, write them down using <negative> </negative> tags.",d3b82d501c7929700a389e6fee8698f7,1,,sole_question,no,"our q_type 1 — excluded from the banner mart, Phase 4"
HIGHLIGHT-POSITIVE,"He picks up Jeff's ''King of Fighters'' cap and runs, vowing to return to kill Geese.",open_end,HIGHLIGHT,"Now we’d like you to highlight the parts of the description that resonate most - or least - with you. Please focus on the parts of the story you like or would be especially interested to see as part of the movie, and write them down using <positive> </positive> tags. If there are any sections that you don't particularly like or would not look forward to seeing in the movie, write them down using <negative> </negative> tags.",d3b82d501c7929700a389e6fee8698f7,1,,sole_question,no,"our q_type 1 — excluded from the banner mart, Phase 4"
HIGHLIGHT-POSITIVE,"He prepares himself for Geese, but is shocked when Andy steps out.",open_end,HIGHLIGHT,"Now we’d like you to highlight the parts of the description that resonate most - or least - with you. Please focus on the parts of the story you like or would be especially interested to see as part of the movie, and write them down using <positive> </positive> tags. If there are any sections that you don't particularly like or would not look forward to seeing in the movie, write them down using <negative> </negative> tags.",d3b82d501c7929700a389e6fee8698f7,1,,sole_question,no,"our q_type 1 — excluded from the banner mart, Phase 4"
HIGHLIGHT-POSITIVE,"He reveals that his real name is ''Bogard,'' but that must remain a secret.",open_end,HIGHLIGHT,"Now we’d like you to highlight the parts of the description that resonate most - or least - with you. Please focus on the parts of the story you like or would be especially interested to see as part of the movie, and write them down using <positive> </positive> tags. If there are any sections that you don't particularly like or would not look forward to seeing in the movie, write them down using <negative> </negative> tags.",d3b82d501c7929700a389e6fee8698f7,1,,sole_question,no,"our q_type 1 — excluded from the banner mart, Phase 4"
HIGHLIGHT-POSITIVE,He then dives off of the helicopter into the water below.,open_end,HIGHLIGHT,"Now we’d like you to highlight the parts of the description that resonate most - or least - with you. Please focus on the parts of the story you like or would be especially interested to see as part of the movie, and write them down using <positive> </positive> tags. If there are any sections that you don't particularly like or would not look forward to seeing in the movie, write them down using <negative> </negative> tags.",d3b82d501c7929700a389e6fee8698f7,1,,sole_question,no,"our q_type 1 — excluded from the banner mart, Phase 4"
HIGHLIGHT-POSITIVE,He used his criminal enterprises to lower prices and then purchase up real estate at a huge discount.,open_end,HIGHLIGHT,"Now we’d like you to highlight the parts of the description that resonate most - or least - with you. Please focus on the parts of the story you like or would be especially interested to see as part of the movie, and write them down using <positive> </positive> tags. If there are any sections that you don't particularly like or would not look forward to seeing in the movie, write them down using <negative> </negative> tags.",d3b82d501c7929700a389e6fee8698f7,1,,sole_question,no,"our q_type 1 — excluded from the banner mart, Phase 4"
HIGHLIGHT-POSITIVE,He walks into the dojo and challenges Jeff to single combat.,open_end,HIGHLIGHT,"Now we’d like you to highlight the parts of the description that resonate most - or least - with you. Please focus on the parts of the story you like or would be especially interested to see as part of the movie, and write them down using <positive> </positive> tags. If there are any sections that you don't particularly like or would not look forward to seeing in the movie, write them down using <negative> </negative> tags.",d3b82d501c7929700a389e6fee8698f7,1,,sole_question,no,"our q_type 1 — excluded from the banner mart, Phase 4"
HIGHLIGHT-POSITIVE,"He warns Terry not to pursue Geese, and as Terry is about to leave, Meyer gifts him his dad’s old trucker cap.",open_end,HIGHLIGHT,"Now we’d like you to highlight the parts of the description that resonate most - or least - with you. Please focus on the parts of the story you like or would be especially interested to see as part of the movie, and write them down using <positive> </positive> tags. If there are any sections that you don't particularly like or would not look forward to seeing in the movie, write them down using <negative> </negative> tags.",d3b82d501c7929700a389e6fee8698f7,1,,sole_question,no,"our q_type 1 — excluded from the banner mart, Phase 4"
HIGHLIGHT-POSITIVE,"He wrenches free of Terry's grip and falls into the darkness below, while Andy grabs his brother's legs to save him from going over with him.",open_end,HIGHLIGHT,"Now we’d like you to highlight the parts of the description that resonate most - or least - with you. Please focus on the parts of the story you like or would be especially interested to see as part of the movie, and write them down using <positive> </positive> tags. If there are any sections that you don't particularly like or would not look forward to seeing in the movie, write them down using <negative> </negative> tags.",d3b82d501c7929700a389e6fee8698f7,1,,sole_question,no,"our q_type 1 — excluded from the banner mart, Phase 4"
HIGHLIGHT-POSITIVE,"He’s distraught, certain his brother died in the fire.",open_end,HIGHLIGHT,"Now we’d like you to highlight the parts of the description that resonate most - or least - with you. Please focus on the parts of the story you like or would be especially interested to see as part of the movie, and write them down using <positive> </positive> tags. If there are any sections that you don't particularly like or would not look forward to seeing in the movie, write them down using <negative> </negative> tags.",d3b82d501c7929700a389e6fee8698f7,1,,sole_question,no,"our q_type 1 — excluded from the banner mart, Phase 4"
HIGHLIGHT-POSITIVE,"His brother survived the fire! Andy reinvented himself as ''Andy Luciano,'' an enforcer for Geese who is also fighting in the King of Fighters tournament, all in a ploy to get...",open_end,HIGHLIGHT,"Now we’d like you to highlight the parts of the description that resonate most - or least - with you. Please focus on the parts of the story you like or would be especially interested to see as part of the movie, and write them down using <positive> </positive> tags. If there are any sections that you don't particularly like or would not look forward to seeing in the movie, write them down using <negative> </negative> tags.",d3b82d501c7929700a389e6fee8698f7,1,,sole_question,no,"our q_type 1 — excluded from the banner mart, Phase 4"
HIGHLIGHT-POSITIVE,"His mission is to end GEESE HOWARD, the kingpin who murdered his adopted father, JEFF, in front of him when Terry was ten.",open_end,HIGHLIGHT,"Now we’d like you to highlight the parts of the description that resonate most - or least - with you. Please focus on the parts of the story you like or would be especially interested to see as part of the movie, and write them down using <positive> </positive> tags. If there are any sections that you don't particularly like or would not look forward to seeing in the movie, write them down using <negative> </negative> tags.",d3b82d501c7929700a389e6fee8698f7,1,,sole_question,no,"our q_type 1 — excluded from the banner mart, Phase 4"
HIGHLIGHT-POSITIVE,"However, during the prematch physical, Geese is diagnosed with a heart condition and bows out of the fight, only to name Andy as his second.",open_end,HIGHLIGHT,"Now we’d like you to highlight the parts of the description that resonate most - or least - with you. Please focus on the parts of the story you like or would be especially interested to see as part of the movie, and write them down using <positive> </positive> tags. If there are any sections that you don't particularly like or would not look forward to seeing in the movie, write them down using <negative> </negative> tags.",d3b82d501c7929700a389e6fee8698f7,1,,sole_question,no,"our q_type 1 — excluded from the banner mart, Phase 4"
HIGHLIGHT-POSITIVE,"In order to pick them up, Jeff had to use his real name.",open_end,HIGHLIGHT,"Now we’d like you to highlight the parts of the description that resonate most - or least - with you. Please focus on the parts of the story you like or would be especially interested to see as part of the movie, and write them down using <positive> </positive> tags. If there are any sections that you don't particularly like or would not look forward to seeing in the movie, write them down using <negative> </negative> tags.",d3b82d501c7929700a389e6fee8698f7,1,,sole_question,no,"our q_type 1 — excluded from the banner mart, Phase 4"
HIGHLIGHT-POSITIVE,"In the locker room, an exhausted Andy agrees to name Terry his second, and Tung Fu Rue (Geese's own former master) and Blue Mary join Terry in his corner.",open_end,HIGHLIGHT,"Now we’d like you to highlight the parts of the description that resonate most - or least - with you. Please focus on the parts of the story you like or would be especially interested to see as part of the movie, and write them down using <positive> </positive> tags. If there are any sections that you don't particularly like or would not look forward to seeing in the movie, write them down using <negative> </negative> tags.",d3b82d501c7929700a389e6fee8698f7,1,,sole_question,no,"our q_type 1 — excluded from the banner mart, Phase 4"
HIGHLIGHT-POSITIVE,"In the neon-and-diesel sprawl of South Town, drifter TERRY BOGARD steps off an evening bus on the twentieth anniversary of his father's death.",open_end,HIGHLIGHT,"Now we’d like you to highlight the parts of the description that resonate most - or least - with you. Please focus on the parts of the story you like or would be especially interested to see as part of the movie, and write them down using <positive> </positive> tags. If there are any sections that you don't particularly like or would not look forward to seeing in the movie, write them down using <negative> </negative> tags.",d3b82d501c7929700a389e6fee8698f7,1,,sole_question,no,"our q_type 1 — excluded from the banner mart, Phase 4"
HIGHLIGHT-POSITIVE,"In the tower, BILLY KANE, Geese’s main henchman, shows off a captured Mai.",open_end,HIGHLIGHT,"Now we’d like you to highlight the parts of the description that resonate most - or least - with you. Please focus on the parts of the story you like or would be especially interested to see as part of the movie, and write them down using <positive> </positive> tags. If there are any sections that you don't particularly like or would not look forward to seeing in the movie, write them down using <negative> </negative> tags.",d3b82d501c7929700a389e6fee8698f7,1,,sole_question,no,"our q_type 1 — excluded from the banner mart, Phase 4"
HIGHLIGHT-POSITIVE,It all converges at the top of the tower.,open_end,HIGHLIGHT,"Now we’d like you to highlight the parts of the description that resonate most - or least - with you. Please focus on the parts of the story you like or would be especially interested to see as part of the movie, and write them down using <positive> </positive> tags. If there are any sections that you don't particularly like or would not look forward to seeing in the movie, write them down using <negative> </negative> tags.",d3b82d501c7929700a389e6fee8698f7,1,,sole_question,no,"our q_type 1 — excluded from the banner mart, Phase 4"
HIGHLIGHT-POSITIVE,Jeff informs them that they need to pack their bags and leave South Town.,open_end,HIGHLIGHT,"Now we’d like you to highlight the parts of the description that resonate most - or least - with you. Please focus on the parts of the story you like or would be especially interested to see as part of the movie, and write them down using <positive> </positive> tags. If there are any sections that you don't particularly like or would not look forward to seeing in the movie, write them down using <negative> </negative> tags.",d3b82d501c7929700a389e6fee8698f7,1,,sole_question,no,"our q_type 1 — excluded from the banner mart, Phase 4"
HIGHLIGHT-POSITIVE,"Jeff is highly skilled, but cannot withstand Geese’s speed or strength.",open_end,HIGHLIGHT,"Now we’d like you to highlight the parts of the description that resonate most - or least - with you. Please focus on the parts of the story you like or would be especially interested to see as part of the movie, and write them down using <positive> </positive> tags. If there are any sections that you don't particularly like or would not look forward to seeing in the movie, write them down using <negative> </negative> tags.",d3b82d501c7929700a389e6fee8698f7,1,,sole_question,no,"our q_type 1 — excluded from the banner mart, Phase 4"
HIGHLIGHT-POSITIVE,"Jeff suspects that the children are orphans and allows them to stay, as long as they go to school and train.",open_end,HIGHLIGHT,"Now we’d like you to highlight the parts of the description that resonate most - or least - with you. Please focus on the parts of the story you like or would be especially interested to see as part of the movie, and write them down using <positive> </positive> tags. If there are any sections that you don't particularly like or would not look forward to seeing in the movie, write them down using <negative> </negative> tags.",d3b82d501c7929700a389e6fee8698f7,1,,sole_question,no,"our q_type 1 — excluded from the banner mart, Phase 4"
HIGHLIGHT-POSITIVE,"Later, the two brothers hang their halves of the domino at Jeff's grave.",open_end,HIGHLIGHT,"Now we’d like you to highlight the parts of the description that resonate most - or least - with you. Please focus on the parts of the story you like or would be especially interested to see as part of the movie, and write them down using <positive> </positive> tags. If there are any sections that you don't particularly like or would not look forward to seeing in the movie, write them down using <negative> </negative> tags.",d3b82d501c7929700a389e6fee8698f7,1,,sole_question,no,"our q_type 1 — excluded from the banner mart, Phase 4"
HIGHLIGHT-POSITIVE,"Later, they seek shelter from the rain in an empty karate dojo.",open_end,HIGHLIGHT,"Now we’d like you to highlight the parts of the description that resonate most - or least - with you. Please focus on the parts of the story you like or would be especially interested to see as part of the movie, and write them down using <positive> </positive> tags. If there are any sections that you don't particularly like or would not look forward to seeing in the movie, write them down using <negative> </negative> tags.",d3b82d501c7929700a389e6fee8698f7,1,,sole_question,no,"our q_type 1 — excluded from the banner mart, Phase 4"
HIGHLIGHT-POSITIVE,Mai handles Billy as the brothers move on Geese.,open_end,HIGHLIGHT,"Now we’d like you to highlight the parts of the description that resonate most - or least - with you. Please focus on the parts of the story you like or would be especially interested to see as part of the movie, and write them down using <positive> </positive> tags. If there are any sections that you don't particularly like or would not look forward to seeing in the movie, write them down using <negative> </negative> tags.",d3b82d501c7929700a389e6fee8698f7,1,,sole_question,no,"our q_type 1 — excluded from the banner mart, Phase 4"
HIGHLIGHT-POSITIVE,"Mai later attempts to convince them to drop their plan of killing Geese, but a jealous spark between them drives them apart.",open_end,HIGHLIGHT,"Now we’d like you to highlight the parts of the description that resonate most - or least - with you. Please focus on the parts of the story you like or would be especially interested to see as part of the movie, and write them down using <positive> </positive> tags. If there are any sections that you don't particularly like or would not look forward to seeing in the movie, write them down using <negative> </negative> tags.",d3b82d501c7929700a389e6fee8698f7,1,,sole_question,no,"our q_type 1 — excluded from the banner mart, Phase 4"
HIGHLIGHT-POSITIVE,Mai leaves him with the implication that there is something she is holding back.,open_end,HIGHLIGHT,"Now we’d like you to highlight the parts of the description that resonate most - or least - with you. Please focus on the parts of the story you like or would be especially interested to see as part of the movie, and write them down using <positive> </positive> tags. If there are any sections that you don't particularly like or would not look forward to seeing in the movie, write them down using <negative> </negative> tags.",d3b82d501c7929700a389e6fee8698f7,1,,sole_question,no,"our q_type 1 — excluded from the banner mart, Phase 4"
HIGHLIGHT-POSITIVE,"Mary takes an injured Terry to a black market doctor, only to then double cross and drug him with the popular hallucinogen Dragon’s Breath.",open_end,HIGHLIGHT,"Now we’d like you to highlight the parts of the description that resonate most - or least - with you. Please focus on the parts of the story you like or would be especially interested to see as part of the movie, and write them down using <positive> </positive> tags. If there are any sections that you don't particularly like or would not look forward to seeing in the movie, write them down using <negative> </negative> tags.",d3b82d501c7929700a389e6fee8698f7,1,,sole_question,no,"our q_type 1 — excluded from the banner mart, Phase 4"
HIGHLIGHT-POSITIVE,"Mid-flight, Terry breaks free with a flare gun but chooses to save an innocent passenger instead of killing Geese.",open_end,HIGHLIGHT,"Now we’d like you to highlight the parts of the description that resonate most - or least - with you. Please focus on the parts of the story you like or would be especially interested to see as part of the movie, and write them down using <positive> </positive> tags. If there are any sections that you don't particularly like or would not look forward to seeing in the movie, write them down using <negative> </negative> tags.",d3b82d501c7929700a389e6fee8698f7,1,,sole_question,no,"our q_type 1 — excluded from the banner mart, Phase 4"
HIGHLIGHT-POSITIVE,"Neighborhoods are shown as ''ACQUIRED,'' including the orphanage where Terry grew up.",open_end,HIGHLIGHT,"Now we’d like you to highlight the parts of the description that resonate most - or least - with you. Please focus on the parts of the story you like or would be especially interested to see as part of the movie, and write them down using <positive> </positive> tags. If there are any sections that you don't particularly like or would not look forward to seeing in the movie, write them down using <negative> </negative> tags.",d3b82d501c7929700a389e6fee8698f7,1,,sole_question,no,"our q_type 1 — excluded from the banner mart, Phase 4"
HIGHLIGHT-POSITIVE,"Now teenagers, Terry and Andy run into Mai.",open_end,HIGHLIGHT,"Now we’d like you to highlight the parts of the description that resonate most - or least - with you. Please focus on the parts of the story you like or would be especially interested to see as part of the movie, and write them down using <positive> </positive> tags. If there are any sections that you don't particularly like or would not look forward to seeing in the movie, write them down using <negative> </negative> tags.",d3b82d501c7929700a389e6fee8698f7,1,,sole_question,no,"our q_type 1 — excluded from the banner mart, Phase 4"
HIGHLIGHT-POSITIVE,"Simultaneously, Blue Mary hijacks every screen in the arena, exposing Geese's exploitation of South Town.",open_end,HIGHLIGHT,"Now we’d like you to highlight the parts of the description that resonate most - or least - with you. Please focus on the parts of the story you like or would be especially interested to see as part of the movie, and write them down using <positive> </positive> tags. If there are any sections that you don't particularly like or would not look forward to seeing in the movie, write them down using <negative> </negative> tags.",d3b82d501c7929700a389e6fee8698f7,1,,sole_question,no,"our q_type 1 — excluded from the banner mart, Phase 4"
HIGHLIGHT-POSITIVE,"South Town, Andy, and Mai are always his home, but the next adventure is calling.",open_end,HIGHLIGHT,"Now we’d like you to highlight the parts of the description that resonate most - or least - with you. Please focus on the parts of the story you like or would be especially interested to see as part of the movie, and write them down using <positive> </positive> tags. If there are any sections that you don't particularly like or would not look forward to seeing in the movie, write them down using <negative> </negative> tags.",d3b82d501c7929700a389e6fee8698f7,1,,sole_question,no,"our q_type 1 — excluded from the banner mart, Phase 4"
HIGHLIGHT-POSITIVE,"Terry and Andy battle through Geese's guards up to Howard Tower (aided by an unexpected assist from dancer DUCK KING), splitting up in a rampage to reach the roof.",open_end,HIGHLIGHT,"Now we’d like you to highlight the parts of the description that resonate most - or least - with you. Please focus on the parts of the story you like or would be especially interested to see as part of the movie, and write them down using <positive> </positive> tags. If there are any sections that you don't particularly like or would not look forward to seeing in the movie, write them down using <negative> </negative> tags.",d3b82d501c7929700a389e6fee8698f7,1,,sole_question,no,"our q_type 1 — excluded from the banner mart, Phase 4"
HIGHLIGHT-POSITIVE,"Terry and Andy meet in the championship, and as the opening bell rings, Terry immediately taps out.",open_end,HIGHLIGHT,"Now we’d like you to highlight the parts of the description that resonate most - or least - with you. Please focus on the parts of the story you like or would be especially interested to see as part of the movie, and write them down using <positive> </positive> tags. If there are any sections that you don't particularly like or would not look forward to seeing in the movie, write them down using <negative> </negative> tags.",d3b82d501c7929700a389e6fee8698f7,1,,sole_question,no,"our q_type 1 — excluded from the banner mart, Phase 4"
HIGHLIGHT-POSITIVE,Terry arrives at Geese’s underground arena with minutes to spare and slips through security disguised as a cop.,open_end,HIGHLIGHT,"Now we’d like you to highlight the parts of the description that resonate most - or least - with you. Please focus on the parts of the story you like or would be especially interested to see as part of the movie, and write them down using <positive> </positive> tags. If there are any sections that you don't particularly like or would not look forward to seeing in the movie, write them down using <negative> </negative> tags.",d3b82d501c7929700a389e6fee8698f7,1,,sole_question,no,"our q_type 1 — excluded from the banner mart, Phase 4"
HIGHLIGHT-POSITIVE,Terry arrives back in South Town and reconnects with Mai.,open_end,HIGHLIGHT,"Now we’d like you to highlight the parts of the description that resonate most - or least - with you. Please focus on the parts of the story you like or would be especially interested to see as part of the movie, and write them down using <positive> </positive> tags. If there are any sections that you don't particularly like or would not look forward to seeing in the movie, write them down using <negative> </negative> tags.",d3b82d501c7929700a389e6fee8698f7,1,,sole_question,no,"our q_type 1 — excluded from the banner mart, Phase 4"
HIGHLIGHT-POSITIVE,Terry breaks his restraints and a brawl erupts.,open_end,HIGHLIGHT,"Now we’d like you to highlight the parts of the description that resonate most - or least - with you. Please focus on the parts of the story you like or would be especially interested to see as part of the movie, and write them down using <positive> </positive> tags. If there are any sections that you don't particularly like or would not look forward to seeing in the movie, write them down using <negative> </negative> tags.",d3b82d501c7929700a389e6fee8698f7,1,,sole_question,no,"our q_type 1 — excluded from the banner mart, Phase 4"
HIGHLIGHT-POSITIVE,"Terry confronts Geese, only to be tased, zip-tied, and loaded onto a helicopter to be dumped into the bay.",open_end,HIGHLIGHT,"Now we’d like you to highlight the parts of the description that resonate most - or least - with you. Please focus on the parts of the story you like or would be especially interested to see as part of the movie, and write them down using <positive> </positive> tags. If there are any sections that you don't particularly like or would not look forward to seeing in the movie, write them down using <negative> </negative> tags.",d3b82d501c7929700a389e6fee8698f7,1,,sole_question,no,"our q_type 1 — excluded from the banner mart, Phase 4"
HIGHLIGHT-POSITIVE,Terry defeats Raiden and escapes.,open_end,HIGHLIGHT,"Now we’d like you to highlight the parts of the description that resonate most - or least - with you. Please focus on the parts of the story you like or would be especially interested to see as part of the movie, and write them down using <positive> </positive> tags. If there are any sections that you don't particularly like or would not look forward to seeing in the movie, write them down using <negative> </negative> tags.",d3b82d501c7929700a389e6fee8698f7,1,,sole_question,no,"our q_type 1 — excluded from the banner mart, Phase 4"
HIGHLIGHT-POSITIVE,"Terry demands to take his spot, demonstrating his mastery of the cyclone kick.",open_end,HIGHLIGHT,"Now we’d like you to highlight the parts of the description that resonate most - or least - with you. Please focus on the parts of the story you like or would be especially interested to see as part of the movie, and write them down using <positive> </positive> tags. If there are any sections that you don't particularly like or would not look forward to seeing in the movie, write them down using <negative> </negative> tags.",d3b82d501c7929700a389e6fee8698f7,1,,sole_question,no,"our q_type 1 — excluded from the banner mart, Phase 4"
HIGHLIGHT-POSITIVE,Terry escapes underwater and is rescued by his former girlfriend Blue Mary.,open_end,HIGHLIGHT,"Now we’d like you to highlight the parts of the description that resonate most - or least - with you. Please focus on the parts of the story you like or would be especially interested to see as part of the movie, and write them down using <positive> </positive> tags. If there are any sections that you don't particularly like or would not look forward to seeing in the movie, write them down using <negative> </negative> tags.",d3b82d501c7929700a389e6fee8698f7,1,,sole_question,no,"our q_type 1 — excluded from the banner mart, Phase 4"
HIGHLIGHT-POSITIVE,"Terry escapes, only to be captured by the police, who prepare to execute him.",open_end,HIGHLIGHT,"Now we’d like you to highlight the parts of the description that resonate most - or least - with you. Please focus on the parts of the story you like or would be especially interested to see as part of the movie, and write them down using <positive> </positive> tags. If there are any sections that you don't particularly like or would not look forward to seeing in the movie, write them down using <negative> </negative> tags.",d3b82d501c7929700a389e6fee8698f7,1,,sole_question,no,"our q_type 1 — excluded from the banner mart, Phase 4"
HIGHLIGHT-POSITIVE,"Terry flees in a brutal gauntlet, beginning with a high-speed bike chase.",open_end,HIGHLIGHT,"Now we’d like you to highlight the parts of the description that resonate most - or least - with you. Please focus on the parts of the story you like or would be especially interested to see as part of the movie, and write them down using <positive> </positive> tags. If there are any sections that you don't particularly like or would not look forward to seeing in the movie, write them down using <negative> </negative> tags.",d3b82d501c7929700a389e6fee8698f7,1,,sole_question,no,"our q_type 1 — excluded from the banner mart, Phase 4"
HIGHLIGHT-POSITIVE,Terry gets implanted with the King of Fighters biochip that provides a live reading to audiences akin to a health bar.,open_end,HIGHLIGHT,"Now we’d like you to highlight the parts of the description that resonate most - or least - with you. Please focus on the parts of the story you like or would be especially interested to see as part of the movie, and write them down using <positive> </positive> tags. If there are any sections that you don't particularly like or would not look forward to seeing in the movie, write them down using <negative> </negative> tags.",d3b82d501c7929700a389e6fee8698f7,1,,sole_question,no,"our q_type 1 — excluded from the banner mart, Phase 4"
HIGHLIGHT-POSITIVE,"Terry is staying at a local gym, and after a workout, he hears a mysterious voice in the darkness.",open_end,HIGHLIGHT,"Now we’d like you to highlight the parts of the description that resonate most - or least - with you. Please focus on the parts of the story you like or would be especially interested to see as part of the movie, and write them down using <positive> </positive> tags. If there are any sections that you don't particularly like or would not look forward to seeing in the movie, write them down using <negative> </negative> tags.",d3b82d501c7929700a389e6fee8698f7,1,,sole_question,no,"our q_type 1 — excluded from the banner mart, Phase 4"
HIGHLIGHT-POSITIVE,"Terry is then pursued by Geese’s thug RAIDEN, leading to battle atop a moving train.",open_end,HIGHLIGHT,"Now we’d like you to highlight the parts of the description that resonate most - or least - with you. Please focus on the parts of the story you like or would be especially interested to see as part of the movie, and write them down using <positive> </positive> tags. If there are any sections that you don't particularly like or would not look forward to seeing in the movie, write them down using <negative> </negative> tags.",d3b82d501c7929700a389e6fee8698f7,1,,sole_question,no,"our q_type 1 — excluded from the banner mart, Phase 4"
HIGHLIGHT-POSITIVE,Terry sees an ad for the upcoming King of Fighters tournament in South Town.,open_end,HIGHLIGHT,"Now we’d like you to highlight the parts of the description that resonate most - or least - with you. Please focus on the parts of the story you like or would be especially interested to see as part of the movie, and write them down using <positive> </positive> tags. If there are any sections that you don't particularly like or would not look forward to seeing in the movie, write them down using <negative> </negative> tags.",d3b82d501c7929700a389e6fee8698f7,1,,sole_question,no,"our q_type 1 — excluded from the banner mart, Phase 4"
HIGHLIGHT-POSITIVE,"Terry then decides to crash Geese's nightclub L'Amor, smashing through the glass window and rampaging through security.",open_end,HIGHLIGHT,"Now we’d like you to highlight the parts of the description that resonate most - or least - with you. Please focus on the parts of the story you like or would be especially interested to see as part of the movie, and write them down using <positive> </positive> tags. If there are any sections that you don't particularly like or would not look forward to seeing in the movie, write them down using <negative> </negative> tags.",d3b82d501c7929700a389e6fee8698f7,1,,sole_question,no,"our q_type 1 — excluded from the banner mart, Phase 4"
HIGHLIGHT-POSITIVE,"Terry then stops at his father's grave, where he reunites with his younger brother ANDY, who he hasn’t seen in years.",open_end,HIGHLIGHT,"Now we’d like you to highlight the parts of the description that resonate most - or least - with you. Please focus on the parts of the story you like or would be especially interested to see as part of the movie, and write them down using <positive> </positive> tags. If there are any sections that you don't particularly like or would not look forward to seeing in the movie, write them down using <negative> </negative> tags.",d3b82d501c7929700a389e6fee8698f7,1,,sole_question,no,"our q_type 1 — excluded from the banner mart, Phase 4"
HIGHLIGHT-POSITIVE,"Terry trains across the globe - Thailand, Brazil, Russia, China - from top fighters in boxing, muay thai, wrestling, and jiu jitsu.",open_end,HIGHLIGHT,"Now we’d like you to highlight the parts of the description that resonate most - or least - with you. Please focus on the parts of the story you like or would be especially interested to see as part of the movie, and write them down using <positive> </positive> tags. If there are any sections that you don't particularly like or would not look forward to seeing in the movie, write them down using <negative> </negative> tags.",d3b82d501c7929700a389e6fee8698f7,1,,sole_question,no,"our q_type 1 — excluded from the banner mart, Phase 4"
HIGHLIGHT-POSITIVE,Terry unleashes a cyclone kick and sends Geese over the parapet.,open_end,HIGHLIGHT,"Now we’d like you to highlight the parts of the description that resonate most - or least - with you. Please focus on the parts of the story you like or would be especially interested to see as part of the movie, and write them down using <positive> </positive> tags. If there are any sections that you don't particularly like or would not look forward to seeing in the movie, write them down using <negative> </negative> tags.",d3b82d501c7929700a389e6fee8698f7,1,,sole_question,no,"our q_type 1 — excluded from the banner mart, Phase 4"
HIGHLIGHT-POSITIVE,Terry wakes up in the neighboring alley and frantically searches for Andy.,open_end,HIGHLIGHT,"Now we’d like you to highlight the parts of the description that resonate most - or least - with you. Please focus on the parts of the story you like or would be especially interested to see as part of the movie, and write them down using <positive> </positive> tags. If there are any sections that you don't particularly like or would not look forward to seeing in the movie, write them down using <negative> </negative> tags.",d3b82d501c7929700a389e6fee8698f7,1,,sole_question,no,"our q_type 1 — excluded from the banner mart, Phase 4"
HIGHLIGHT-POSITIVE,Terry wins his bout against the staff-wielding Billy Kane and earns his chance to fight Geese.,open_end,HIGHLIGHT,"Now we’d like you to highlight the parts of the description that resonate most - or least - with you. Please focus on the parts of the story you like or would be especially interested to see as part of the movie, and write them down using <positive> </positive> tags. If there are any sections that you don't particularly like or would not look forward to seeing in the movie, write them down using <negative> </negative> tags.",d3b82d501c7929700a389e6fee8698f7,1,,sole_question,no,"our q_type 1 — excluded from the banner mart, Phase 4"
HIGHLIGHT-POSITIVE,Terry’s biometric implant flatlines.,open_end,HIGHLIGHT,"Now we’d like you to highlight the parts of the description that resonate most - or least - with you. Please focus on the parts of the story you like or would be especially interested to see as part of the movie, and write them down using <positive> </positive> tags. If there are any sections that you don't particularly like or would not look forward to seeing in the movie, write them down using <negative> </negative> tags.",d3b82d501c7929700a389e6fee8698f7,1,,sole_question,no,"our q_type 1 — excluded from the banner mart, Phase 4"
HIGHLIGHT-POSITIVE,The King of Fighters tournament begins.,open_end,HIGHLIGHT,"Now we’d like you to highlight the parts of the description that resonate most - or least - with you. Please focus on the parts of the story you like or would be especially interested to see as part of the movie, and write them down using <positive> </positive> tags. If there are any sections that you don't particularly like or would not look forward to seeing in the movie, write them down using <negative> </negative> tags.",d3b82d501c7929700a389e6fee8698f7,1,,sole_question,no,"our q_type 1 — excluded from the banner mart, Phase 4"
HIGHLIGHT-POSITIVE,"The brothers say goodbye at the airport, joking through their emotional parting.",open_end,HIGHLIGHT,"Now we’d like you to highlight the parts of the description that resonate most - or least - with you. Please focus on the parts of the story you like or would be especially interested to see as part of the movie, and write them down using <positive> </positive> tags. If there are any sections that you don't particularly like or would not look forward to seeing in the movie, write them down using <negative> </negative> tags.",d3b82d501c7929700a389e6fee8698f7,1,,sole_question,no,"our q_type 1 — excluded from the banner mart, Phase 4"
HIGHLIGHT-POSITIVE,The brothers share a quiet moment together in Andy’s apartment.,open_end,HIGHLIGHT,"Now we’d like you to highlight the parts of the description that resonate most - or least - with you. Please focus on the parts of the story you like or would be especially interested to see as part of the movie, and write them down using <positive> </positive> tags. If there are any sections that you don't particularly like or would not look forward to seeing in the movie, write them down using <negative> </negative> tags.",d3b82d501c7929700a389e6fee8698f7,1,,sole_question,no,"our q_type 1 — excluded from the banner mart, Phase 4"
HIGHLIGHT-POSITIVE,The crowd is stunned.,open_end,HIGHLIGHT,"Now we’d like you to highlight the parts of the description that resonate most - or least - with you. Please focus on the parts of the story you like or would be especially interested to see as part of the movie, and write them down using <positive> </positive> tags. If there are any sections that you don't particularly like or would not look forward to seeing in the movie, write them down using <negative> </negative> tags.",d3b82d501c7929700a389e6fee8698f7,1,,sole_question,no,"our q_type 1 — excluded from the banner mart, Phase 4"
HIGHLIGHT-POSITIVE,"The crowd turns against Geese, and he flees.",open_end,HIGHLIGHT,"Now we’d like you to highlight the parts of the description that resonate most - or least - with you. Please focus on the parts of the story you like or would be especially interested to see as part of the movie, and write them down using <positive> </positive> tags. If there are any sections that you don't particularly like or would not look forward to seeing in the movie, write them down using <negative> </negative> tags.",d3b82d501c7929700a389e6fee8698f7,1,,sole_question,no,"our q_type 1 — excluded from the banner mart, Phase 4"
HIGHLIGHT-POSITIVE,"The crowd, and Geese, believe Terry is dead.",open_end,HIGHLIGHT,"Now we’d like you to highlight the parts of the description that resonate most - or least - with you. Please focus on the parts of the story you like or would be especially interested to see as part of the movie, and write them down using <positive> </positive> tags. If there are any sections that you don't particularly like or would not look forward to seeing in the movie, write them down using <negative> </negative> tags.",d3b82d501c7929700a389e6fee8698f7,1,,sole_question,no,"our q_type 1 — excluded from the banner mart, Phase 4"
HIGHLIGHT-POSITIVE,The duo race through the docks of South Town on a jet ski as Geese’s forces pursue.,open_end,HIGHLIGHT,"Now we’d like you to highlight the parts of the description that resonate most - or least - with you. Please focus on the parts of the story you like or would be especially interested to see as part of the movie, and write them down using <positive> </positive> tags. If there are any sections that you don't particularly like or would not look forward to seeing in the movie, write them down using <negative> </negative> tags.",d3b82d501c7929700a389e6fee8698f7,1,,sole_question,no,"our q_type 1 — excluded from the banner mart, Phase 4"
HIGHLIGHT-POSITIVE,"The two brothers begin to fight before they are eventually broken up by Andy's fiancée, MAI SHIRANUI, who tells Terry to earn his own shot at Geese.",open_end,HIGHLIGHT,"Now we’d like you to highlight the parts of the description that resonate most - or least - with you. Please focus on the parts of the story you like or would be especially interested to see as part of the movie, and write them down using <positive> </positive> tags. If there are any sections that you don't particularly like or would not look forward to seeing in the movie, write them down using <negative> </negative> tags.",d3b82d501c7929700a389e6fee8698f7,1,,sole_question,no,"our q_type 1 — excluded from the banner mart, Phase 4"
HIGHLIGHT-POSITIVE,"The winner gets ten million dollars, but most importantly to Terry, if he enters, he’d get a shot to fight Geese Howard himself.",open_end,HIGHLIGHT,"Now we’d like you to highlight the parts of the description that resonate most - or least - with you. Please focus on the parts of the story you like or would be especially interested to see as part of the movie, and write them down using <positive> </positive> tags. If there are any sections that you don't particularly like or would not look forward to seeing in the movie, write them down using <negative> </negative> tags.",d3b82d501c7929700a389e6fee8698f7,1,,sole_question,no,"our q_type 1 — excluded from the banner mart, Phase 4"
HIGHLIGHT-POSITIVE,"There, Terry destroys Geese's escape helicopter, and the two finally face off in the rain.",open_end,HIGHLIGHT,"Now we’d like you to highlight the parts of the description that resonate most - or least - with you. Please focus on the parts of the story you like or would be especially interested to see as part of the movie, and write them down using <positive> </positive> tags. If there are any sections that you don't particularly like or would not look forward to seeing in the movie, write them down using <negative> </negative> tags.",d3b82d501c7929700a389e6fee8698f7,1,,sole_question,no,"our q_type 1 — excluded from the banner mart, Phase 4"
HIGHLIGHT-POSITIVE,"They are both smitten, and they try to impress her, only to run into trouble with her wealthy friends.",open_end,HIGHLIGHT,"Now we’d like you to highlight the parts of the description that resonate most - or least - with you. Please focus on the parts of the story you like or would be especially interested to see as part of the movie, and write them down using <positive> </positive> tags. If there are any sections that you don't particularly like or would not look forward to seeing in the movie, write them down using <negative> </negative> tags.",d3b82d501c7929700a389e6fee8698f7,1,,sole_question,no,"our q_type 1 — excluded from the banner mart, Phase 4"
HIGHLIGHT-POSITIVE,"They are scolded by the dojo’s master, JEFF SMITH, but he offers them a meal in exchange for cleaning.",open_end,HIGHLIGHT,"Now we’d like you to highlight the parts of the description that resonate most - or least - with you. Please focus on the parts of the story you like or would be especially interested to see as part of the movie, and write them down using <positive> </positive> tags. If there are any sections that you don't particularly like or would not look forward to seeing in the movie, write them down using <negative> </negative> tags.",d3b82d501c7929700a389e6fee8698f7,1,,sole_question,no,"our q_type 1 — excluded from the banner mart, Phase 4"
HIGHLIGHT-POSITIVE,"They both still carry their halves of a domino necklace, a tribute to their father.",open_end,HIGHLIGHT,"Now we’d like you to highlight the parts of the description that resonate most - or least - with you. Please focus on the parts of the story you like or would be especially interested to see as part of the movie, and write them down using <positive> </positive> tags. If there are any sections that you don't particularly like or would not look forward to seeing in the movie, write them down using <negative> </negative> tags.",d3b82d501c7929700a389e6fee8698f7,1,,sole_question,no,"our q_type 1 — excluded from the banner mart, Phase 4"
HIGHLIGHT-POSITIVE,"They catch up at her favorite noodle shop, where a group of thugs soon enter and pick a fight with Terry.",open_end,HIGHLIGHT,"Now we’d like you to highlight the parts of the description that resonate most - or least - with you. Please focus on the parts of the story you like or would be especially interested to see as part of the movie, and write them down using <positive> </positive> tags. If there are any sections that you don't particularly like or would not look forward to seeing in the movie, write them down using <negative> </negative> tags.",d3b82d501c7929700a389e6fee8698f7,1,,sole_question,no,"our q_type 1 — excluded from the banner mart, Phase 4"
HIGHLIGHT-POSITIVE,They eat handfuls of uncooked rice for dinner and collect cans off of the street for money.,open_end,HIGHLIGHT,"Now we’d like you to highlight the parts of the description that resonate most - or least - with you. Please focus on the parts of the story you like or would be especially interested to see as part of the movie, and write them down using <positive> </positive> tags. If there are any sections that you don't particularly like or would not look forward to seeing in the movie, write them down using <negative> </negative> tags.",d3b82d501c7929700a389e6fee8698f7,1,,sole_question,no,"our q_type 1 — excluded from the banner mart, Phase 4"
HIGHLIGHT-POSITIVE,They have the chance to join a gang that steals valuables from unsuspecting beachgoers.,open_end,HIGHLIGHT,"Now we’d like you to highlight the parts of the description that resonate most - or least - with you. Please focus on the parts of the story you like or would be especially interested to see as part of the movie, and write them down using <positive> </positive> tags. If there are any sections that you don't particularly like or would not look forward to seeing in the movie, write them down using <negative> </negative> tags.",d3b82d501c7929700a389e6fee8698f7,1,,sole_question,no,"our q_type 1 — excluded from the banner mart, Phase 4"
HIGHLIGHT-POSITIVE,"They reach safety and share a quiet moment over a manatee scarred with the name ''Geese,'' a reminder of Howard’s cruelty and past crimes.",open_end,HIGHLIGHT,"Now we’d like you to highlight the parts of the description that resonate most - or least - with you. Please focus on the parts of the story you like or would be especially interested to see as part of the movie, and write them down using <positive> </positive> tags. If there are any sections that you don't particularly like or would not look forward to seeing in the movie, write them down using <negative> </negative> tags.",d3b82d501c7929700a389e6fee8698f7,1,,sole_question,no,"our q_type 1 — excluded from the banner mart, Phase 4"
HIGHLIGHT-POSITIVE,"This is GEESE HOWARD, who breaks his constraints and dispatches the room with a ruthless ease.",open_end,HIGHLIGHT,"Now we’d like you to highlight the parts of the description that resonate most - or least - with you. Please focus on the parts of the story you like or would be especially interested to see as part of the movie, and write them down using <positive> </positive> tags. If there are any sections that you don't particularly like or would not look forward to seeing in the movie, write them down using <negative> </negative> tags.",d3b82d501c7929700a389e6fee8698f7,1,,sole_question,no,"our q_type 1 — excluded from the banner mart, Phase 4"
HIGHLIGHT-POSITIVE,"This time, he’s calmer, steadier, and more powerful.",open_end,HIGHLIGHT,"Now we’d like you to highlight the parts of the description that resonate most - or least - with you. Please focus on the parts of the story you like or would be especially interested to see as part of the movie, and write them down using <positive> </positive> tags. If there are any sections that you don't particularly like or would not look forward to seeing in the movie, write them down using <negative> </negative> tags.",d3b82d501c7929700a389e6fee8698f7,1,,sole_question,no,"our q_type 1 — excluded from the banner mart, Phase 4"
HIGHLIGHT-POSITIVE,"This was his ploy to get every key player in the same place. Now, a new kingpin has ascended.",open_end,HIGHLIGHT,"Now we’d like you to highlight the parts of the description that resonate most - or least - with you. Please focus on the parts of the story you like or would be especially interested to see as part of the movie, and write them down using <positive> </positive> tags. If there are any sections that you don't particularly like or would not look forward to seeing in the movie, write them down using <negative> </negative> tags.",d3b82d501c7929700a389e6fee8698f7,1,,sole_question,no,"our q_type 1 — excluded from the banner mart, Phase 4"
HIGHLIGHT-POSITIVE,This was the secret Mai was withholding from Terry.,open_end,HIGHLIGHT,"Now we’d like you to highlight the parts of the description that resonate most - or least - with you. Please focus on the parts of the story you like or would be especially interested to see as part of the movie, and write them down using <positive> </positive> tags. If there are any sections that you don't particularly like or would not look forward to seeing in the movie, write them down using <negative> </negative> tags.",d3b82d501c7929700a389e6fee8698f7,1,,sole_question,no,"our q_type 1 — excluded from the banner mart, Phase 4"
HIGHLIGHT-POSITIVE,Tung Fu Rue serves as Terry’s corner man and hints to Terry a more complicated past relationship between Jeff and Geese.,open_end,HIGHLIGHT,"Now we’d like you to highlight the parts of the description that resonate most - or least - with you. Please focus on the parts of the story you like or would be especially interested to see as part of the movie, and write them down using <positive> </positive> tags. If there are any sections that you don't particularly like or would not look forward to seeing in the movie, write them down using <negative> </negative> tags.",d3b82d501c7929700a389e6fee8698f7,1,,sole_question,no,"our q_type 1 — excluded from the banner mart, Phase 4"
HIGHLIGHT-POSITIVE,"We open in South Town, a sprawling megacity that feels equal parts Miami and Tokyo.",open_end,HIGHLIGHT,"Now we’d like you to highlight the parts of the description that resonate most - or least - with you. Please focus on the parts of the story you like or would be especially interested to see as part of the movie, and write them down using <positive> </positive> tags. If there are any sections that you don't particularly like or would not look forward to seeing in the movie, write them down using <negative> </negative> tags.",d3b82d501c7929700a389e6fee8698f7,1,,sole_question,no,"our q_type 1 — excluded from the banner mart, Phase 4"
HIGHLIGHT-POSITIVE,"When the gang leader steals sunglasses from a beautiful girl, MAI SHIRANUI (8), Andy returns them to her.",open_end,HIGHLIGHT,"Now we’d like you to highlight the parts of the description that resonate most - or least - with you. Please focus on the parts of the story you like or would be especially interested to see as part of the movie, and write them down using <positive> </positive> tags. If there are any sections that you don't particularly like or would not look forward to seeing in the movie, write them down using <negative> </negative> tags.",d3b82d501c7929700a389e6fee8698f7,1,,sole_question,no,"our q_type 1 — excluded from the banner mart, Phase 4"
HIGHLIGHT-POSITIVE,"With Geese gone, South Town's criminal empire collapses.",open_end,HIGHLIGHT,"Now we’d like you to highlight the parts of the description that resonate most - or least - with you. Please focus on the parts of the story you like or would be especially interested to see as part of the movie, and write them down using <positive> </positive> tags. If there are any sections that you don't particularly like or would not look forward to seeing in the movie, write them down using <negative> </negative> tags.",d3b82d501c7929700a389e6fee8698f7,1,,sole_question,no,"our q_type 1 — excluded from the banner mart, Phase 4"
HIGHLIGHT-POSITIVE,"Years pass, and Jeff adopts the boys outright.",open_end,HIGHLIGHT,"Now we’d like you to highlight the parts of the description that resonate most - or least - with you. Please focus on the parts of the story you like or would be especially interested to see as part of the movie, and write them down using <positive> </positive> tags. If there are any sections that you don't particularly like or would not look forward to seeing in the movie, write them down using <negative> </negative> tags.",d3b82d501c7929700a389e6fee8698f7,1,,sole_question,no,"our q_type 1 — excluded from the banner mart, Phase 4"
HIGHLIGHT-POSITIVE,"Years pass, and now an adult, Terry ends his journey learning Tai Chi from the mysterious Tung Fu Rue.",open_end,HIGHLIGHT,"Now we’d like you to highlight the parts of the description that resonate most - or least - with you. Please focus on the parts of the story you like or would be especially interested to see as part of the movie, and write them down using <positive> </positive> tags. If there are any sections that you don't particularly like or would not look forward to seeing in the movie, write them down using <negative> </negative> tags.",d3b82d501c7929700a389e6fee8698f7,1,,sole_question,no,"our q_type 1 — excluded from the banner mart, Phase 4"
IMPROVE,,open_end,IMPROVE,How would you build on or change this description to make it more appealing to you and make you more likely to “definitely” want to see this movie in a theater?,597784c8cdeda1268888c3358f7293e6,1,,sole_question,no,"our q_type 1 — excluded from the banner mart, Phase 4"
INCOME,,archetype,,,,,income_band_banner,explicit,no,"persona attribute, not a question — validates the banner cut"
LIKE,,open_end,LIKE,"You will now read the Concept. Based on the concept you just read, what do you expect to like about this new movie? What grabs your attention and makes you most interested in seeing this movie in a theater when it is produced?",918f1c64526d1915e3810559f1522a40,1,,sole_question,no,"our q_type 1 — excluded from the banner mart, Phase 4"
PLATFORM,,question,PLATFORM,"Which of the following gaming platforms, if any, do you currently use to play video games? Please select all that apply",1da207e4d38115c76b3b85f14c45b53a,5,,sole_question,no,
POLORIENT,,question,POLORIENT,"In terms of your political orientation would you say you are….?
[SINGLE SELECT]",dec22c3257e0e04c6e0455730183c257,4,,sole_question,no,
POSTINT,,question,POSTINT,"You will now read the Concept. Based on the concept you just read, how interested would you be in seeing this new, live-action movie in a theater when it is produced?",eeba6c786962dd3fb41885fe149d2b05,4,,sole_question,no,
POSTINT,T1 - SHERIDAN,concept,POSTINT,"You will now read the Concept. Based on the concept you just read, how interested would you be in seeing this new, live-action movie in a theater when it is produced?",eeba6c786962dd3fb41885fe149d2b05,4,,sole_question,no,"concept split, maps to mart `creative` not to an item"
POSTINT,T2 - GOYER,concept,POSTINT,"You will now read the Concept. Based on the concept you just read, how interested would you be in seeing this new, live-action movie in a theater when it is produced?",eeba6c786962dd3fb41885fe149d2b05,4,,sole_question,no,"concept split, maps to mart `creative` not to an item"
PRELIKE1,,open_end,PRELIKE1,"Thinking about King of Fighting, Fatal Fury, and/or The Art of Fighting, what do you like best about these videogame franchises?",6d3a86ef48176456fd736ede80521723,1,,sole_question,no,"our q_type 1 — excluded from the banner mart, Phase 4"
PRELIKE2,,open_end,PRELIKE2,"Thinking about a live-action movie based on King of Fighting, Fatal Fury, and/or The Art of Fighting, are there any “must haves” or aspects you feel are essential?",7b3139cfa3f54234a88ed9e05dfbd7f9,1,,sole_question,no,"our q_type 1 — excluded from the banner mart, Phase 4"
SEEWITH,,question,SEEWITH,"Who would you see this movie with, in a theater?
[MULTI-SELECT]",ac1f65d735e2a60e4a7d8af946aa5c2b,5,,sole_question,no,
SOCIAL,,question,SOCIAL,Which of the following social media sites/apps do you use most to discover new content or fan communities? Please select all that apply.,83c0935f5831be690231f182c5bed164,5,,sole_question,no,
STORYDES,,question,STORYDES,"You will now read the Concept. Now that you have read  a description of the upcoming Fatal Fury movie, which of the following words and phrases would you use to describe the movie? Please select all that apply.",9a0b14b74c2f8b2a416221f9b51ce265,5,,sole_question,no,
URG1,,question,URG1,"Considering your level of urgency in wanting to see this movie in a theater, when do you think you will most likely attend?",f03fee6927b217b84d5598b02014fb75,4,,sole_question,no,
URG2,,open_end,URG2,What is holding you back from seeing this movie right away or on opening weekend in a theater?,d45e9de1e5a4aeae385d1edcc7330ccd,1,,sole_question,no,"our q_type 1 — excluded from the banner mart, Phase 4"
VGFRAN1,Alpha Mission,question,VGFRAN1,Which best describes your feelings about the Alpha Mission gaming franchises?,61b93ad145476216e0ee0ab35ef67e37,4,,item_in_text,no,
VGFRAN1,Fatal Fury,question,VGFRAN1,Which best describes your feelings about the Fatal Fury gaming franchises?,529adcc2a93b671027266c83f92d06b1,4,,item_in_text,no,
VGFRAN1,Metal Slug,question,VGFRAN1,Which best describes your feelings about the Metal Slug gaming franchises?,f8b2874c5e6675a7618637f1892352d4,4,,item_in_text,no,
VGFRAN1,Mortal Kombat,question,VGFRAN1,Which best describes your feelings about the Mortal Kombat gaming franchises?,67662287dc432c95ea3e5d6ca9491f7c,4,,item_in_text,no,
VGFRAN1,Samurai Shodown,question,VGFRAN1,Which best describes your feelings about the Samurai Shodown gaming franchises?,0ce43aac2ef64f6ac88a2d903d38af9a,4,,item_in_text,no,
VGFRAN1,Southtown Cume,derived,VGFRAN1,Which best describes your feelings about The Art of Fighting gaming franchises?,e5b917d47b40cbe220541fadac181bcc,4,,marker_not_item,no,"net/cume column — derivable, not a single question"
VGFRAN1,Street Fighter,question,VGFRAN1,Which best describes your feelings about the Street Fighter gaming franchises?,d3feab9891cffb9ed4afa8df462a0aa0,4,,item_in_text,no,
VGFRAN1,Super Smash Bros.,question,VGFRAN1,Which best describes your feelings about the Super Smash Bros. gaming franchises?,ac8402d2a3569e60e6b34c127ef852e9,4,,item_in_text,no,
VGFRAN1,Tekken,question,VGFRAN1,Which best describes your feelings about the Tekken gaming franchises?,a0e945c6b3a8fdc69eaa878a59d08811,4,,item_in_text,no,
VGFRAN1,The Art of Fighting,question,VGFRAN1,Which best describes your feelings about The Art of Fighting gaming franchises?,e5b917d47b40cbe220541fadac181bcc,4,,item_in_text,no,
VGFRAN1,The King of Fighters,question,VGFRAN1,Which best describes your feelings about The King of Fighters gaming franchises?,1829d8bef35656b883029e16c6deac78,4,,item_in_text,no,
VGFRAN1,Wanoo-Bagoo,question,VGFRAN1,Which best describes your feelings about the Wanoo-Bagoo gaming franchises?,ef03dba1c12c7c24315342fa24d0b401,4,,item_in_text,no,
VGFRAN2,Alpha Mission,question,VGFRAN2,"Now we want to come back to some of the video game franchises you said you have at least heard of. For Alpha Mission,  would you say you are…?",a579d3a7a3e5d14f821431ec7f63190f,4,,item_in_text,no,
VGFRAN2,Fatal Fury,question,VGFRAN2,"Now we want to come back to some of the video game franchises you said you have at least heard of. For Fatal Fury,  would you say you are…?",fca93e2a229c0dce4539849fb900ccac,4,,item_in_text,no,
VGFRAN2,Metal Slug,question,VGFRAN2,"Now we want to come back to some of the video game franchises you said you have at least heard of. For Metal Slug,  would you say you are…?",5c4392f1443f0a80650454be18774853,4,,item_in_text,no,
VGFRAN2,Mortal Kombat,question,VGFRAN2,"Now we want to come back to some of the video game franchises you said you have at least heard of. For Mortal Kombat,  would you say you are…?",5e66611a90b65e98da90cf4bf7cc1d38,4,,item_in_text,no,
VGFRAN2,Samurai Shodown,question,VGFRAN2,"Now we want to come back to some of the video game franchises you said you have at least heard of. For Samurai Shodown, would you say you are…?",9f9703a036722a9de7efe6aae1eae14b,4,,item_in_text,no,
VGFRAN2,Street Fighter,question,VGFRAN2,"Now we want to come back to some of the video game franchises you said you have at least heard of. For Street Fighter,  would you say you are…?",c66bf1522d5667013b444af48b15b9fe,4,,item_in_text,no,
VGFRAN2,Super Smash Bros.,question,VGFRAN2,"Now we want to come back to some of the video game franchises you said you have at least heard of. Super Smash Bros.,  would you say you are…?",032b409ee7dd4bfec0235113fb0af8e9,4,,item_in_text,no,
VGFRAN2,Tekken,question,VGFRAN2,"Now we want to come back to some of the video game franchises you said you have at least heard of. For Tekken,  would you say you are…?",df9c0dda969a259fb4bdeca16354824d,4,,item_in_text,no,
VGFRAN2,The Art of Fighting,question,VGFRAN2,"Now we want to come back to some of the video game franchises you said you have at least heard of. For The Art of Fighting,  would you say you are…?",6f7dc0433a83cbb2b638518acad654be,4,,item_in_text,no,
VGFRAN2,The King of Fighters,question,VGFRAN2,"Now we want to come back to some of the video game franchises you said you have at least heard of. For The King of Fighters,  would you say you are…?",3ad39e003152475609235de0256315a8,4,,item_in_text,no,
VGFRAN3,Alpha Mission,question,VGFRAN3,"Based on anything that you know about these video game franchises, or even just the names, how interested would you be in seeing a new, live-action movie in a theater based on Alpha Mission?",801285be842e2ad1fdbe7e2ec0c60cc4,4,,item_in_text,no,
VGFRAN3,Fatal Fury,question,VGFRAN3,"Based on anything that you know about these video game franchises, or even just the names, how interested would you be in seeing a new, live-action movie in a theater based on Fatal Fury?",fc64ef2120dee15caebf458beee45e7c,4,,item_in_text,no,
VGFRAN3,Metal Slug,question,VGFRAN3,"Based on anything that you know about these video game franchises, or even just the names, how interested would you be in seeing a new, live-action movie in a theater based on Metal Slug?",354efcfc038d1bf885d1dddac537f09f,4,,item_in_text,no,
VGFRAN3,Mortal Kombat,question,VGFRAN3,"Based on anything that you know about these video game franchises, or even just the names, how interested would you be in seeing a new, live-action movie in a theater based on Mortal Kombat?",1e484265b23f50b251e213a0a71fab95,4,,item_in_text,no,
VGFRAN3,Samurai Shodown,question,VGFRAN3,"Based on anything that you know about these video game franchises, or even just the names, how interested would you be in seeing a new, live-action movie in a theater based on Samurai Shodown?",7261b955875f7e812a28bd5d1ecc4303,4,,item_in_text,no,
VGFRAN3,Street Fighter,question,VGFRAN3,"Based on anything that you know about these video game franchises, or even just the names, how interested would you be in seeing a new, live-action movie in a theater based on Street Fighter?",2e69ca1f73b32470c69cf73e1bcb08e8,4,,item_in_text,no,
VGFRAN3,Super Smash Bros.,question,VGFRAN3,"Based on anything that you know about these video game franchises, or even just the names, how interested would you be in seeing a new, live-action movie in a theater based on Super Smash Bros.?",3e5982acf3aa245e1c5da55cfe53bab6,4,,item_in_text,no,
VGFRAN3,Tekken,question,VGFRAN3,"Based on anything that you know about these video game franchises, or even just the names, how interested would you be in seeing a new, live-action movie in a theater based on Tekken?",354f0ab76275bdce33c5a738a5966c94,4,,item_in_text,no,
VGFRAN3,The Art of Fighting,question,VGFRAN3,"Based on anything that you know about these video game franchises, or even just the names, how interested would you be in seeing a new, live-action movie in a theater based on The Art of Fighting?",0ad90f1a795da434a88e9646fdc93016,4,,item_in_text,no,
VGFRAN3,The King of Fighters,question,VGFRAN3,"Based on anything that you know about these video game franchises, or even just the names, how interested would you be in seeing a new, live-action movie in a theater based on The King of Fighters?",d0be04d8b33e83206e75f348f03dbecc,4,,item_in_text,no,
VIABLE1,,question,VIABLE1,"Based on the concept you just read, how interested would you be in seeing additional stories set in the world of Southtown?",8dea8c6f9e832155ead378a3213c3d7b,4,,sole_question,no,
VIABLE2,,question,VIABLE2,"Based on the concept you just read, how interested would you be in seeing more stories centered around the character of Terry Bogard?",00fd0c0217caf7952107c9ad7f72048a,4,,sole_question,no,
ZIPCODE,,open_end,Screener 2,Please enter the zip code of the city that you are located in,5c1cee6692609ec982b382260187df66,1,,text_exact,no,W-Tabs meta 'ZIPCODE' = our 'Screener 2'
,,ours_only,INTRO2,"Thank you so much for your answers so far! As someone who enjoys different types of entertainment, we hope you’ll enjoy sharing your thoughts with us.

Your opinions can help shape the kind of entertainment you see in the future, including some new movies that we’d like you to read abut and share your opinions on. From this point, the rest of the survey should take approximately 20 minutes to complete, and will involve reading and responding to the synopsis of a new movie that runs about 1,000 words, or about two typed pages.

[SINGLE SELECT]",0828e23cdb1389f029a42190b53a73f6,4,,none,no,"acknowledgement formality, nothing to tabulate"
,,ours_only,PARENT1,Are you the parent of a child under age 18? [SINGLE SELECT].,2be909e3c2854e8a137316f70b5b53f2,4,,none,no,not tabulated in the human study
,,ours_only,PARENT2,Please indicate the age and gender of your child(ren) under age 18:,a10be412bc6e1bc5a0d1d57e62c9c336,1,,none,no,"not tabulated in the human study (and QRE-routed, F11)"
,,ours_only,RECENTFILM1,"What is the title of the last movie that you saw in a theater and – in just a few words how would you describe the story? 
99. Not sure/Don’t remember",260d719adf94fb0e919b959aa8055920,1,,none,no,not tabulated in the human study
,,ours_only,RECONFIRM,"You had said that you know something about one or more of the following videogame franchises: King of Fighting, Fatal Fury, and/or The Art of Fighting. What is the name of the fictional city where these games are set?",74a3877f5b91dafac661631245432cfa,4,,none,no,"no-op reconfirmation, nothing to tabulate"
,,ours_only,Screener 1,Do you or anyone in your immediate family currently work in any of the following industries? Please select all that apply.,7252e3998f087d7c88fab86037e6aed0,5,,none,no,EMPLOY in the banner plan; no W-Tabs table
,,ours_only,Screener 2,In which country do you currently reside?,5bc86d5ae2395ac997953e0ebbbaee0c,4,,none,no,COUNTRY in the banner plan; no W-Tabs table
